,Date,sulfate,nitrate,ID
0,2000-01-01,,,328
1,2000-01-02,,,328
2,2000-01-03,,,328
3,2000-01-04,,,328
4,2000-01-05,,,328
5,2000-01-06,,,328
6,2000-01-07,,,328
7,2000-01-08,,,328
8,2000-01-09,,,328
9,2000-01-10,,,328
10,2000-01-11,,,328
11,2000-01-12,,,328
12,2000-01-13,,,328
13,2000-01-14,,,328
14,2000-01-15,,,328
15,2000-01-16,,,328
16,2000-01-17,,,328
17,2000-01-18,,,328
18,2000-01-19,,,328
19,2000-01-20,,,328
20,2000-01-21,,,328
21,2000-01-22,,,328
22,2000-01-23,,,328
23,2000-01-24,,,328
24,2000-01-25,,,328
25,2000-01-26,,,328
26,2000-01-27,,,328
27,2000-01-28,,,328
28,2000-01-29,,,328
29,2000-01-30,,,328
30,2000-01-31,,,328
31,2000-02-01,,,328
32,2000-02-02,,,328
33,2000-02-03,,,328
34,2000-02-04,,,328
35,2000-02-05,,,328
36,2000-02-06,,,328
37,2000-02-07,,,328
38,2000-02-08,,,328
39,2000-02-09,,,328
40,2000-02-10,,,328
41,2000-02-11,,,328
42,2000-02-12,,,328
43,2000-02-13,,,328
44,2000-02-14,,,328
45,2000-02-15,,,328
46,2000-02-16,,,328
47,2000-02-17,,,328
48,2000-02-18,,,328
49,2000-02-19,,,328
50,2000-02-20,,,328
51,2000-02-21,,,328
52,2000-02-22,,,328
53,2000-02-23,,,328
54,2000-02-24,,,328
55,2000-02-25,,,328
56,2000-02-26,,,328
57,2000-02-27,,,328
58,2000-02-28,,,328
59,2000-02-29,,,328
60,2000-03-01,,,328
61,2000-03-02,,,328
62,2000-03-03,,,328
63,2000-03-04,,,328
64,2000-03-05,,,328
65,2000-03-06,,,328
66,2000-03-07,,,328
67,2000-03-08,,,328
68,2000-03-09,,,328
69,2000-03-10,,,328
70,2000-03-11,,,328
71,2000-03-12,,,328
72,2000-03-13,,,328
73,2000-03-14,,,328
74,2000-03-15,,,328
75,2000-03-16,,,328
76,2000-03-17,,,328
77,2000-03-18,,,328
78,2000-03-19,,,328
79,2000-03-20,,,328
80,2000-03-21,,,328
81,2000-03-22,,,328
82,2000-03-23,,,328
83,2000-03-24,,,328
84,2000-03-25,,,328
85,2000-03-26,,,328
86,2000-03-27,,,328
87,2000-03-28,,,328
88,2000-03-29,,,328
89,2000-03-30,,,328
90,2000-03-31,,,328
91,2000-04-01,,,328
92,2000-04-02,,,328
93,2000-04-03,,,328
94,2000-04-04,,,328
95,2000-04-05,,,328
96,2000-04-06,,,328
97,2000-04-07,,,328
98,2000-04-08,,,328
99,2000-04-09,,,328
100,2000-04-10,,,328
101,2000-04-11,,,328
102,2000-04-12,,,328
103,2000-04-13,,,328
104,2000-04-14,,,328
105,2000-04-15,,,328
106,2000-04-16,,,328
107,2000-04-17,,,328
108,2000-04-18,,,328
109,2000-04-19,,,328
110,2000-04-20,,,328
111,2000-04-21,,,328
112,2000-04-22,,,328
113,2000-04-23,,,328
114,2000-04-24,,,328
115,2000-04-25,,,328
116,2000-04-26,,,328
117,2000-04-27,,,328
118,2000-04-28,,,328
119,2000-04-29,,,328
120,2000-04-30,,,328
121,2000-05-01,,,328
122,2000-05-02,,,328
123,2000-05-03,,,328
124,2000-05-04,,,328
125,2000-05-05,,,328
126,2000-05-06,,,328
127,2000-05-07,,,328
128,2000-05-08,,,328
129,2000-05-09,,,328
130,2000-05-10,,,328
131,2000-05-11,,,328
132,2000-05-12,,,328
133,2000-05-13,,,328
134,2000-05-14,,,328
135,2000-05-15,,,328
136,2000-05-16,,,328
137,2000-05-17,,,328
138,2000-05-18,,,328
139,2000-05-19,,,328
140,2000-05-20,,,328
141,2000-05-21,,,328
142,2000-05-22,,,328
143,2000-05-23,,,328
144,2000-05-24,,,328
145,2000-05-25,,,328
146,2000-05-26,,,328
147,2000-05-27,,,328
148,2000-05-28,,,328
149,2000-05-29,,,328
150,2000-05-30,,,328
151,2000-05-31,,,328
152,2000-06-01,,,328
153,2000-06-02,,,328
154,2000-06-03,,,328
155,2000-06-04,,,328
156,2000-06-05,,,328
157,2000-06-06,,,328
158,2000-06-07,,,328
159,2000-06-08,,,328
160,2000-06-09,,,328
161,2000-06-10,,,328
162,2000-06-11,,,328
163,2000-06-12,,,328
164,2000-06-13,,,328
165,2000-06-14,,,328
166,2000-06-15,,,328
167,2000-06-16,,,328
168,2000-06-17,,,328
169,2000-06-18,,,328
170,2000-06-19,,,328
171,2000-06-20,,,328
172,2000-06-21,,,328
173,2000-06-22,,,328
174,2000-06-23,,,328
175,2000-06-24,,,328
176,2000-06-25,,,328
177,2000-06-26,,,328
178,2000-06-27,,,328
179,2000-06-28,,,328
180,2000-06-29,,,328
181,2000-06-30,,,328
182,2000-07-01,,,328
183,2000-07-02,,,328
184,2000-07-03,,,328
185,2000-07-04,,,328
186,2000-07-05,,,328
187,2000-07-06,,,328
188,2000-07-07,,,328
189,2000-07-08,,,328
190,2000-07-09,,,328
191,2000-07-10,,,328
192,2000-07-11,,,328
193,2000-07-12,,,328
194,2000-07-13,,,328
195,2000-07-14,,,328
196,2000-07-15,,,328
197,2000-07-16,,,328
198,2000-07-17,,,328
199,2000-07-18,,,328
200,2000-07-19,,,328
201,2000-07-20,,,328
202,2000-07-21,,,328
203,2000-07-22,,,328
204,2000-07-23,,,328
205,2000-07-24,,,328
206,2000-07-25,,,328
207,2000-07-26,,,328
208,2000-07-27,,,328
209,2000-07-28,,,328
210,2000-07-29,,,328
211,2000-07-30,,,328
212,2000-07-31,,,328
213,2000-08-01,,,328
214,2000-08-02,,,328
215,2000-08-03,,,328
216,2000-08-04,,,328
217,2000-08-05,,,328
218,2000-08-06,,,328
219,2000-08-07,,,328
220,2000-08-08,,,328
221,2000-08-09,,,328
222,2000-08-10,,,328
223,2000-08-11,,,328
224,2000-08-12,,,328
225,2000-08-13,,,328
226,2000-08-14,,,328
227,2000-08-15,,,328
228,2000-08-16,,,328
229,2000-08-17,,,328
230,2000-08-18,,,328
231,2000-08-19,,,328
232,2000-08-20,,,328
233,2000-08-21,,,328
234,2000-08-22,,,328
235,2000-08-23,,,328
236,2000-08-24,,,328
237,2000-08-25,,,328
238,2000-08-26,,,328
239,2000-08-27,,,328
240,2000-08-28,,,328
241,2000-08-29,,,328
242,2000-08-30,,,328
243,2000-08-31,,,328
244,2000-09-01,,,328
245,2000-09-02,,,328
246,2000-09-03,,,328
247,2000-09-04,,,328
248,2000-09-05,,,328
249,2000-09-06,,,328
250,2000-09-07,,,328
251,2000-09-08,,,328
252,2000-09-09,,,328
253,2000-09-10,,,328
254,2000-09-11,,,328
255,2000-09-12,,,328
256,2000-09-13,,,328
257,2000-09-14,,,328
258,2000-09-15,,,328
259,2000-09-16,,,328
260,2000-09-17,,,328
261,2000-09-18,,,328
262,2000-09-19,,,328
263,2000-09-20,,,328
264,2000-09-21,,,328
265,2000-09-22,,,328
266,2000-09-23,,,328
267,2000-09-24,,,328
268,2000-09-25,,,328
269,2000-09-26,,,328
270,2000-09-27,,,328
271,2000-09-28,,,328
272,2000-09-29,,,328
273,2000-09-30,,,328
274,2000-10-01,,,328
275,2000-10-02,,,328
276,2000-10-03,,,328
277,2000-10-04,,,328
278,2000-10-05,,,328
279,2000-10-06,,,328
280,2000-10-07,,,328
281,2000-10-08,,,328
282,2000-10-09,,,328
283,2000-10-10,,,328
284,2000-10-11,,,328
285,2000-10-12,,,328
286,2000-10-13,,,328
287,2000-10-14,,,328
288,2000-10-15,,,328
289,2000-10-16,,,328
290,2000-10-17,,,328
291,2000-10-18,,,328
292,2000-10-19,,,328
293,2000-10-20,,,328
294,2000-10-21,,,328
295,2000-10-22,,,328
296,2000-10-23,,,328
297,2000-10-24,,,328
298,2000-10-25,,,328
299,2000-10-26,,,328
300,2000-10-27,,,328
301,2000-10-28,,,328
302,2000-10-29,,,328
303,2000-10-30,,,328
304,2000-10-31,,,328
305,2000-11-01,,,328
306,2000-11-02,,,328
307,2000-11-03,,,328
308,2000-11-04,,,328
309,2000-11-05,,,328
310,2000-11-06,,,328
311,2000-11-07,,,328
312,2000-11-08,,,328
313,2000-11-09,,,328
314,2000-11-10,,,328
315,2000-11-11,,,328
316,2000-11-12,,,328
317,2000-11-13,,,328
318,2000-11-14,,,328
319,2000-11-15,,,328
320,2000-11-16,,,328
321,2000-11-17,,,328
322,2000-11-18,,,328
323,2000-11-19,,,328
324,2000-11-20,,,328
325,2000-11-21,,,328
326,2000-11-22,,,328
327,2000-11-23,,,328
328,2000-11-24,,,328
329,2000-11-25,,,328
330,2000-11-26,,,328
331,2000-11-27,,,328
332,2000-11-28,,,328
333,2000-11-29,,,328
334,2000-11-30,,,328
335,2000-12-01,,,328
336,2000-12-02,,,328
337,2000-12-03,,,328
338,2000-12-04,,,328
339,2000-12-05,,,328
340,2000-12-06,,,328
341,2000-12-07,,,328
342,2000-12-08,,,328
343,2000-12-09,,,328
344,2000-12-10,,,328
345,2000-12-11,,,328
346,2000-12-12,,,328
347,2000-12-13,,,328
348,2000-12-14,2.73,8.16,328
349,2000-12-15,,,328
350,2000-12-16,,,328
351,2000-12-17,,,328
352,2000-12-18,,,328
353,2000-12-19,,,328
354,2000-12-20,1.92,5.41,328
355,2000-12-21,,,328
356,2000-12-22,,,328
357,2000-12-23,,,328
358,2000-12-24,,,328
359,2000-12-25,,,328
360,2000-12-26,1.9,7.42,328
361,2000-12-27,,,328
362,2000-12-28,,,328
363,2000-12-29,,,328
364,2000-12-30,,,328
365,2000-12-31,,,328
366,2001-01-01,1.23,3.44,328
367,2001-01-02,,,328
368,2001-01-03,,,328
369,2001-01-04,,,328
370,2001-01-05,,,328
371,2001-01-06,,,328
372,2001-01-07,1.8,4.15,328
373,2001-01-08,,,328
374,2001-01-09,,,328
375,2001-01-10,,,328
376,2001-01-11,,,328
377,2001-01-12,,,328
378,2001-01-13,,,328
379,2001-01-14,,,328
380,2001-01-15,,,328
381,2001-01-16,,,328
382,2001-01-17,,,328
383,2001-01-18,,,328
384,2001-01-19,,,328
385,2001-01-20,,,328
386,2001-01-21,,,328
387,2001-01-22,,,328
388,2001-01-23,,,328
389,2001-01-24,,,328
390,2001-01-25,1.18,5.46,328
391,2001-01-26,,,328
392,2001-01-27,,,328
393,2001-01-28,,,328
394,2001-01-29,,,328
395,2001-01-30,,,328
396,2001-01-31,2.23,7.05,328
397,2001-02-01,,,328
398,2001-02-02,,,328
399,2001-02-03,,,328
400,2001-02-04,,,328
401,2001-02-05,,,328
402,2001-02-06,5.21,9.19,328
403,2001-02-07,,,328
404,2001-02-08,,,328
405,2001-02-09,,,328
406,2001-02-10,,,328
407,2001-02-11,,,328
408,2001-02-12,2.8,8.73,328
409,2001-02-13,,,328
410,2001-02-14,,,328
411,2001-02-15,,,328
412,2001-02-16,,,328
413,2001-02-17,,,328
414,2001-02-18,1.09,4.09,328
415,2001-02-19,,,328
416,2001-02-20,,,328
417,2001-02-21,,,328
418,2001-02-22,,,328
419,2001-02-23,,,328
420,2001-02-24,3.49,8.76,328
421,2001-02-25,,,328
422,2001-02-26,,,328
423,2001-02-27,,,328
424,2001-02-28,,,328
425,2001-03-01,,,328
426,2001-03-02,7.16,29.8,328
427,2001-03-03,,,328
428,2001-03-04,,,328
429,2001-03-05,1.82,0.939,328
430,2001-03-06,,,328
431,2001-03-07,,,328
432,2001-03-08,4.86,5.59,328
433,2001-03-09,,,328
434,2001-03-10,,,328
435,2001-03-11,2.18,1.41,328
436,2001-03-12,,,328
437,2001-03-13,,,328
438,2001-03-14,2.71,7.76,328
439,2001-03-15,,,328
440,2001-03-16,,,328
441,2001-03-17,1.36,0.759,328
442,2001-03-18,,,328
443,2001-03-19,,,328
444,2001-03-20,2.07,5.31,328
445,2001-03-21,,,328
446,2001-03-22,,,328
447,2001-03-23,2.68,6.96,328
448,2001-03-24,,,328
449,2001-03-25,,,328
450,2001-03-26,1.18,1.1,328
451,2001-03-27,,,328
452,2001-03-28,,,328
453,2001-03-29,6.22,17.1,328
454,2001-03-30,,,328
455,2001-03-31,,,328
456,2001-04-01,2.39,2.78,328
457,2001-04-02,,,328
458,2001-04-03,,,328
459,2001-04-04,7.72,1.45,328
460,2001-04-05,,,328
461,2001-04-06,,,328
462,2001-04-07,2.32,1.42,328
463,2001-04-08,,,328
464,2001-04-09,,,328
465,2001-04-10,2.06,3.28,328
466,2001-04-11,,,328
467,2001-04-12,,,328
468,2001-04-13,,,328
469,2001-04-14,,,328
470,2001-04-15,,,328
471,2001-04-16,2.32,1.04,328
472,2001-04-17,,,328
473,2001-04-18,,,328
474,2001-04-19,2.77,5.89,328
475,2001-04-20,,,328
476,2001-04-21,,,328
477,2001-04-22,1.63,1.66,328
478,2001-04-23,,,328
479,2001-04-24,,,328
480,2001-04-25,2.8,3.63,328
481,2001-04-26,,,328
482,2001-04-27,,,328
483,2001-04-28,2.03,2.54,328
484,2001-04-29,,,328
485,2001-04-30,,,328
486,2001-05-01,6.57,1.99,328
487,2001-05-02,,,328
488,2001-05-03,,,328
489,2001-05-04,,,328
490,2001-05-05,,,328
491,2001-05-06,,,328
492,2001-05-07,4.02,4.52,328
493,2001-05-08,,,328
494,2001-05-09,,,328
495,2001-05-10,3.4,1.62,328
496,2001-05-11,,,328
497,2001-05-12,,,328
498,2001-05-13,1.26,1.31,328
499,2001-05-14,,,328
500,2001-05-15,,,328
501,2001-05-16,7.19,7.19,328
502,2001-05-17,,,328
503,2001-05-18,,,328
504,2001-05-19,,,328
505,2001-05-20,,,328
506,2001-05-21,,,328
507,2001-05-22,0.83,0.572,328
508,2001-05-23,,,328
509,2001-05-24,,,328
510,2001-05-25,2.39,3.09,328
511,2001-05-26,,,328
512,2001-05-27,,,328
513,2001-05-28,4.58,1.22,328
514,2001-05-29,,,328
515,2001-05-30,,,328
516,2001-05-31,0.904,1.08,328
517,2001-06-01,,,328
518,2001-06-02,,,328
519,2001-06-03,0.499,0.297,328
520,2001-06-04,,,328
521,2001-06-05,,,328
522,2001-06-06,1.71,2.46,328
523,2001-06-07,,,328
524,2001-06-08,,,328
525,2001-06-09,3.34,1.62,328
526,2001-06-10,,,328
527,2001-06-11,,,328
528,2001-06-12,,,328
529,2001-06-13,,,328
530,2001-06-14,,,328
531,2001-06-15,1.05,0.493,328
532,2001-06-16,,,328
533,2001-06-17,,,328
534,2001-06-18,2.07,0.572,328
535,2001-06-19,,,328
536,2001-06-20,,,328
537,2001-06-21,2.6,1.46,328
538,2001-06-22,,,328
539,2001-06-23,,,328
540,2001-06-24,6.28,1.93,328
541,2001-06-25,,,328
542,2001-06-26,,,328
543,2001-06-27,13.1,1.64,328
544,2001-06-28,,,328
545,2001-06-29,,,328
546,2001-06-30,6.32,0.614,328
547,2001-07-01,,,328
548,2001-07-02,,,328
549,2001-07-03,2.91,1.22,328
550,2001-07-04,,,328
551,2001-07-05,,,328
552,2001-07-06,1.9,0.942,328
553,2001-07-07,,,328
554,2001-07-08,,,328
555,2001-07-09,,,328
556,2001-07-10,,,328
557,2001-07-11,,,328
558,2001-07-12,1.06,0.505,328
559,2001-07-13,,,328
560,2001-07-14,,,328
561,2001-07-15,2.99,0.486,328
562,2001-07-16,,,328
563,2001-07-17,,,328
564,2001-07-18,,,328
565,2001-07-19,,,328
566,2001-07-20,,,328
567,2001-07-21,,,328
568,2001-07-22,,,328
569,2001-07-23,,,328
570,2001-07-24,1.25,0.31,328
571,2001-07-25,,,328
572,2001-07-26,,,328
573,2001-07-27,0.968,0.444,328
574,2001-07-28,,,328
575,2001-07-29,,,328
576,2001-07-30,7.97,1.89,328
577,2001-07-31,,,328
578,2001-08-01,,,328
579,2001-08-02,1.19,1.22,328
580,2001-08-03,,,328
581,2001-08-04,,,328
582,2001-08-05,7.19,2.16,328
583,2001-08-06,,,328
584,2001-08-07,,,328
585,2001-08-08,8.06,0.514,328
586,2001-08-09,,,328
587,2001-08-10,,,328
588,2001-08-11,1.19,0.25,328
589,2001-08-12,,,328
590,2001-08-13,,,328
591,2001-08-14,1.31,0.462,328
592,2001-08-15,,,328
593,2001-08-16,,,328
594,2001-08-17,0.949,0.211,328
595,2001-08-18,,,328
596,2001-08-19,,,328
597,2001-08-20,1.79,0.322,328
598,2001-08-21,,,328
599,2001-08-22,,,328
600,2001-08-23,11.2,4.17,328
601,2001-08-24,,,328
602,2001-08-25,,,328
603,2001-08-26,5.55,1.11,328
604,2001-08-27,,,328
605,2001-08-28,,,328
606,2001-08-29,1.48,0.468,328
607,2001-08-30,,,328
608,2001-08-31,,,328
609,2001-09-01,0.846,0.322,328
610,2001-09-02,,,328
611,2001-09-03,,,328
612,2001-09-04,,,328
613,2001-09-05,,,328
614,2001-09-06,,,328
615,2001-09-07,3.83,1.1,328
616,2001-09-08,,,328
617,2001-09-09,,,328
618,2001-09-10,1.04,0.736,328
619,2001-09-11,,,328
620,2001-09-12,,,328
621,2001-09-13,,,328
622,2001-09-14,,,328
623,2001-09-15,,,328
624,2001-09-16,3.45,2.01,328
625,2001-09-17,,,328
626,2001-09-18,,,328
627,2001-09-19,5.61,1.15,328
628,2001-09-20,,,328
629,2001-09-21,,,328
630,2001-09-22,2.01,1.04,328
631,2001-09-23,,,328
632,2001-09-24,,,328
633,2001-09-25,,0.196,328
634,2001-09-26,,,328
635,2001-09-27,,,328
636,2001-09-28,1.39,0.447,328
637,2001-09-29,,,328
638,2001-09-30,,,328
639,2001-10-01,4.15,1.74,328
640,2001-10-02,,,328
641,2001-10-03,,,328
642,2001-10-04,1.14,0.946,328
643,2001-10-05,,,328
644,2001-10-06,,,328
645,2001-10-07,,,328
646,2001-10-08,,,328
647,2001-10-09,,,328
648,2001-10-10,3.99,1.08,328
649,2001-10-11,,,328
650,2001-10-12,,,328
651,2001-10-13,2.48,2.68,328
652,2001-10-14,,,328
653,2001-10-15,,,328
654,2001-10-16,,,328
655,2001-10-17,,,328
656,2001-10-18,,,328
657,2001-10-19,0.828,1.25,328
658,2001-10-20,,,328
659,2001-10-21,,,328
660,2001-10-22,1.96,3.38,328
661,2001-10-23,,,328
662,2001-10-24,,,328
663,2001-10-25,1.07,0.514,328
664,2001-10-26,,,328
665,2001-10-27,,,328
666,2001-10-28,1.36,2.4,328
667,2001-10-29,,,328
668,2001-10-30,,,328
669,2001-10-31,2.96,2.55,328
670,2001-11-01,,,328
671,2001-11-02,,,328
672,2001-11-03,0.604,1.84,328
673,2001-11-04,,,328
674,2001-11-05,,,328
675,2001-11-06,1.9,3.2,328
676,2001-11-07,,,328
677,2001-11-08,,,328
678,2001-11-09,0.64,2.09,328
679,2001-11-10,,,328
680,2001-11-11,,,328
681,2001-11-12,2.59,5.44,328
682,2001-11-13,,,328
683,2001-11-14,,,328
684,2001-11-15,8.95,6.78,328
685,2001-11-16,,,328
686,2001-11-17,,,328
687,2001-11-18,6.99,12.4,328
688,2001-11-19,,,328
689,2001-11-20,,,328
690,2001-11-21,0.631,2.74,328
691,2001-11-22,,,328
692,2001-11-23,,,328
693,2001-11-24,,,328
694,2001-11-25,,,328
695,2001-11-26,,,328
696,2001-11-27,,,328
697,2001-11-28,,,328
698,2001-11-29,,,328
699,2001-11-30,,,328
700,2001-12-01,,,328
701,2001-12-02,,,328
702,2001-12-03,2.47,9.19,328
703,2001-12-04,,,328
704,2001-12-05,,,328
705,2001-12-06,,,328
706,2001-12-07,,,328
707,2001-12-08,,,328
708,2001-12-09,1.87,4.92,328
709,2001-12-10,,,328
710,2001-12-11,,,328
711,2001-12-12,5.59,11.6,328
712,2001-12-13,,,328
713,2001-12-14,,,328
714,2001-12-15,4.87,8.03,328
715,2001-12-16,,,328
716,2001-12-17,,,328
717,2001-12-18,2.35,7.28,328
718,2001-12-19,,,328
719,2001-12-20,,,328
720,2001-12-21,0.507,2.17,328
721,2001-12-22,,,328
722,2001-12-23,,,328
723,2001-12-24,,,328
724,2001-12-25,,,328
725,2001-12-26,,,328
726,2001-12-27,1.99,4.23,328
727,2001-12-28,,,328
728,2001-12-29,,,328
729,2001-12-30,1.98,3.7,328
730,2001-12-31,,,328
731,2002-01-01,,,328
732,2002-01-02,1.41,3.45,328
733,2002-01-03,,,328
734,2002-01-04,,,328
735,2002-01-05,2.08,10.2,328
736,2002-01-06,,,328
737,2002-01-07,,,328
738,2002-01-08,,,328
739,2002-01-09,,,328
740,2002-01-10,,,328
741,2002-01-11,1.56,2.89,328
742,2002-01-12,,,328
743,2002-01-13,,,328
744,2002-01-14,2.38,7.61,328
745,2002-01-15,,,328
746,2002-01-16,,,328
747,2002-01-17,,,328
748,2002-01-18,,,328
749,2002-01-19,,,328
750,2002-01-20,3.21,9.88,328
751,2002-01-21,,,328
752,2002-01-22,,,328
753,2002-01-23,2.06,5.9,328
754,2002-01-24,,,328
755,2002-01-25,,,328
756,2002-01-26,,2.66,328
757,2002-01-27,,,328
758,2002-01-28,,,328
759,2002-01-29,2.21,1.46,328
760,2002-01-30,,,328
761,2002-01-31,,,328
762,2002-02-01,,,328
763,2002-02-02,,,328
764,2002-02-03,,,328
765,2002-02-04,,,328
766,2002-02-05,,,328
767,2002-02-06,,,328
768,2002-02-07,2.35,11.8,328
769,2002-02-08,,,328
770,2002-02-09,,,328
771,2002-02-10,2.19,5.93,328
772,2002-02-11,,,328
773,2002-02-12,,,328
774,2002-02-13,,1.9,328
775,2002-02-14,,,328
776,2002-02-15,,,328
777,2002-02-16,1.11,1.46,328
778,2002-02-17,,,328
779,2002-02-18,,,328
780,2002-02-19,2.52,6.27,328
781,2002-02-20,,,328
782,2002-02-21,,,328
783,2002-02-22,0.543,1.59,328
784,2002-02-23,,,328
785,2002-02-24,,,328
786,2002-02-25,2.06,1.74,328
787,2002-02-26,,,328
788,2002-02-27,,,328
789,2002-02-28,,,328
790,2002-03-01,,,328
791,2002-03-02,,,328
792,2002-03-03,1.27,0.68,328
793,2002-03-04,,,328
794,2002-03-05,,,328
795,2002-03-06,3.07,5.11,328
796,2002-03-07,,,328
797,2002-03-08,,,328
798,2002-03-09,1.98,1.15,328
799,2002-03-10,,,328
800,2002-03-11,,,328
801,2002-03-12,,,328
802,2002-03-13,,,328
803,2002-03-14,,,328
804,2002-03-15,2.85,3.88,328
805,2002-03-16,,,328
806,2002-03-17,,,328
807,2002-03-18,4.12,5.85,328
808,2002-03-19,,,328
809,2002-03-20,,,328
810,2002-03-21,1.82,1.5,328
811,2002-03-22,,,328
812,2002-03-23,,,328
813,2002-03-24,1.42,1.16,328
814,2002-03-25,,,328
815,2002-03-26,,,328
816,2002-03-27,2.26,4.23,328
817,2002-03-28,,,328
818,2002-03-29,,,328
819,2002-03-30,1.45,1.11,328
820,2002-03-31,,,328
821,2002-04-01,,,328
822,2002-04-02,3.01,3.16,328
823,2002-04-03,,,328
824,2002-04-04,,,328
825,2002-04-05,2.51,3.42,328
826,2002-04-06,,,328
827,2002-04-07,,,328
828,2002-04-08,,,328
829,2002-04-09,,,328
830,2002-04-10,,,328
831,2002-04-11,3.72,4.16,328
832,2002-04-12,,,328
833,2002-04-13,,,328
834,2002-04-14,6.97,8.94,328
835,2002-04-15,,,328
836,2002-04-16,,,328
837,2002-04-17,2.79,0.864,328
838,2002-04-18,,,328
839,2002-04-19,,,328
840,2002-04-20,,,328
841,2002-04-21,,,328
842,2002-04-22,,,328
843,2002-04-23,3.09,4.8,328
844,2002-04-24,,,328
845,2002-04-25,,,328
846,2002-04-26,1.88,1.42,328
847,2002-04-27,,,328
848,2002-04-28,,,328
849,2002-04-29,2.99,2.04,328
850,2002-04-30,,,328
851,2002-05-01,,,328
852,2002-05-02,1.82,2.0,328
853,2002-05-03,,,328
854,2002-05-04,,,328
855,2002-05-05,,,328
856,2002-05-06,,,328
857,2002-05-07,,,328
858,2002-05-08,1.54,2.65,328
859,2002-05-09,,,328
860,2002-05-10,,,328
861,2002-05-11,1.88,2.12,328
862,2002-05-12,,,328
863,2002-05-13,,,328
864,2002-05-14,2.3,2.23,328
865,2002-05-15,,,328
866,2002-05-16,,,328
867,2002-05-17,,,328
868,2002-05-18,,,328
869,2002-05-19,,,328
870,2002-05-20,0.547,0.175,328
871,2002-05-21,,,328
872,2002-05-22,,,328
873,2002-05-23,5.71,2.61,328
874,2002-05-24,,,328
875,2002-05-25,,,328
876,2002-05-26,1.69,1.99,328
877,2002-05-27,,,328
878,2002-05-28,,,328
879,2002-05-29,4.83,9.92,328
880,2002-05-30,,,328
881,2002-05-31,,,328
882,2002-06-01,1.12,0.392,328
883,2002-06-02,,,328
884,2002-06-03,,,328
885,2002-06-04,2.78,4.81,328
886,2002-06-05,,,328
887,2002-06-06,,,328
888,2002-06-07,5.18,4.71,328
889,2002-06-08,,,328
890,2002-06-09,,,328
891,2002-06-10,6.59,1.65,328
892,2002-06-11,,,328
893,2002-06-12,,,328
894,2002-06-13,3.59,1.45,328
895,2002-06-14,,,328
896,2002-06-15,,,328
897,2002-06-16,0.62,0.157,328
898,2002-06-17,,,328
899,2002-06-18,,,328
900,2002-06-19,9.8,3.12,328
901,2002-06-20,,,328
902,2002-06-21,,,328
903,2002-06-22,6.97,2.77,328
904,2002-06-23,,,328
905,2002-06-24,,,328
906,2002-06-25,8.92,1.05,328
907,2002-06-26,,,328
908,2002-06-27,,,328
909,2002-06-28,,1.58,328
910,2002-06-29,,,328
911,2002-06-30,,,328
912,2002-07-01,3.26,1.05,328
913,2002-07-02,,,328
914,2002-07-03,,,328
915,2002-07-04,1.95,0.488,328
916,2002-07-05,,,328
917,2002-07-06,,,328
918,2002-07-07,9.39,2.8,328
919,2002-07-08,,,328
920,2002-07-09,,,328
921,2002-07-10,1.54,0.311,328
922,2002-07-11,,,328
923,2002-07-12,,,328
924,2002-07-13,2.83,0.997,328
925,2002-07-14,,,328
926,2002-07-15,,,328
927,2002-07-16,7.96,1.43,328
928,2002-07-17,,,328
929,2002-07-18,,,328
930,2002-07-19,0.733,0.223,328
931,2002-07-20,,,328
932,2002-07-21,,,328
933,2002-07-22,1.32,0.218,328
934,2002-07-23,,,328
935,2002-07-24,,,328
936,2002-07-25,4.84,2.06,328
937,2002-07-26,,,328
938,2002-07-27,,,328
939,2002-07-28,4.15,0.579,328
940,2002-07-29,,,328
941,2002-07-30,,,328
942,2002-07-31,3.24,0.389,328
943,2002-08-01,,,328
944,2002-08-02,,,328
945,2002-08-03,2.12,0.819,328
946,2002-08-04,,,328
947,2002-08-05,,,328
948,2002-08-06,,,328
949,2002-08-07,,,328
950,2002-08-08,,,328
951,2002-08-09,3.55,1.0,328
952,2002-08-10,,,328
953,2002-08-11,,,328
954,2002-08-12,5.51,1.04,328
955,2002-08-13,,,328
956,2002-08-14,,,328
957,2002-08-15,3.06,1.12,328
958,2002-08-16,,,328
959,2002-08-17,,,328
960,2002-08-18,,,328
961,2002-08-19,,,328
962,2002-08-20,,,328
963,2002-08-21,5.85,1.59,328
964,2002-08-22,,,328
965,2002-08-23,,,328
966,2002-08-24,,,328
967,2002-08-25,,,328
968,2002-08-26,,,328
969,2002-08-27,,,328
970,2002-08-28,,,328
971,2002-08-29,,,328
972,2002-08-30,6.14,3.05,328
973,2002-08-31,,,328
974,2002-09-01,,,328
975,2002-09-02,6.57,0.423,328
976,2002-09-03,,,328
977,2002-09-04,,,328
978,2002-09-05,1.29,0.704,328
979,2002-09-06,,,328
980,2002-09-07,,,328
981,2002-09-08,22.3,2.19,328
982,2002-09-09,,,328
983,2002-09-10,,,328
984,2002-09-11,0.829,0.211,328
985,2002-09-12,,,328
986,2002-09-13,,,328
987,2002-09-14,8.93,4.65,328
988,2002-09-15,,,328
989,2002-09-16,,,328
990,2002-09-17,5.02,2.26,328
991,2002-09-18,,,328
992,2002-09-19,,,328
993,2002-09-20,2.23,0.862,328
994,2002-09-21,,,328
995,2002-09-22,,,328
996,2002-09-23,0.701,0.283,328
997,2002-09-24,,,328
998,2002-09-25,,,328
999,2002-09-26,4.99,6.38,328
1000,2002-09-27,,,328
1001,2002-09-28,,,328
1002,2002-09-29,13.4,4.05,328
1003,2002-09-30,,,328
1004,2002-10-01,,,328
1005,2002-10-02,1.04,0.484,328
1006,2002-10-03,,,328
1007,2002-10-04,,,328
1008,2002-10-05,,0.832,328
1009,2002-10-06,,,328
1010,2002-10-07,,,328
1011,2002-10-08,1.97,0.779,328
1012,2002-10-09,,,328
1013,2002-10-10,,,328
1014,2002-10-11,6.04,9.2,328
1015,2002-10-12,,,328
1016,2002-10-13,,,328
1017,2002-10-14,1.1,2.09,328
1018,2002-10-15,,,328
1019,2002-10-16,,,328
1020,2002-10-17,1.12,2.61,328
1021,2002-10-18,,,328
1022,2002-10-19,,,328
1023,2002-10-20,2.58,2.77,328
1024,2002-10-21,,,328
1025,2002-10-22,,,328
1026,2002-10-23,0.881,0.513,328
1027,2002-10-24,,,328
1028,2002-10-25,,,328
1029,2002-10-26,2.41,4.37,328
1030,2002-10-27,,,328
1031,2002-10-28,,,328
1032,2002-10-29,1.3,0.325,328
1033,2002-10-30,,,328
1034,2002-10-31,,,328
1035,2002-11-01,1.02,4.49,328
1036,2002-11-02,,,328
1037,2002-11-03,,,328
1038,2002-11-04,3.23,5.0,328
1039,2002-11-05,,,328
1040,2002-11-06,,,328
1041,2002-11-07,2.33,4.23,328
1042,2002-11-08,,,328
1043,2002-11-09,,,328
1044,2002-11-10,5.7,4.31,328
1045,2002-11-11,,,328
1046,2002-11-12,,,328
1047,2002-11-13,,7.13,328
1048,2002-11-14,,,328
1049,2002-11-15,,,328
1050,2002-11-16,0.859,0.385,328
1051,2002-11-17,,,328
1052,2002-11-18,,,328
1053,2002-11-19,1.42,6.8,328
1054,2002-11-20,,,328
1055,2002-11-21,,,328
1056,2002-11-22,2.17,1.05,328
1057,2002-11-23,,,328
1058,2002-11-24,,,328
1059,2002-11-25,1.18,1.19,328
1060,2002-11-26,,,328
1061,2002-11-27,,,328
1062,2002-11-28,3.64,10.2,328
1063,2002-11-29,,,328
1064,2002-11-30,,,328
1065,2002-12-01,1.32,1.4,328
1066,2002-12-02,,,328
1067,2002-12-03,,,328
1068,2002-12-04,1.76,2.73,328
1069,2002-12-05,,,328
1070,2002-12-06,,,328
1071,2002-12-07,,7.02,328
1072,2002-12-08,,,328
1073,2002-12-09,,,328
1074,2002-12-10,1.69,6.53,328
1075,2002-12-11,,,328
1076,2002-12-12,,,328
1077,2002-12-13,7.01,13.8,328
1078,2002-12-14,,,328
1079,2002-12-15,,,328
1080,2002-12-16,,,328
1081,2002-12-17,,,328
1082,2002-12-18,,,328
1083,2002-12-19,3.22,4.82,328
1084,2002-12-20,,,328
1085,2002-12-21,,,328
1086,2002-12-22,,,328
1087,2002-12-23,,,328
1088,2002-12-24,,,328
1089,2002-12-25,1.69,1.46,328
1090,2002-12-26,,,328
1091,2002-12-27,,,328
1092,2002-12-28,4.5,15.4,328
1093,2002-12-29,,,328
1094,2002-12-30,,,328
1095,2002-12-31,0.953,2.41,328
1096,2003-01-01,,,328
1097,2003-01-02,,,328
1098,2003-01-03,,,328
1099,2003-01-04,,,328
1100,2003-01-05,,,328
1101,2003-01-06,1.36,2.17,328
1102,2003-01-07,,,328
1103,2003-01-08,,,328
1104,2003-01-09,0.876,0.777,328
1105,2003-01-10,,,328
1106,2003-01-11,,,328
1107,2003-01-12,,,328
1108,2003-01-13,,,328
1109,2003-01-14,,,328
1110,2003-01-15,0.738,3.38,328
1111,2003-01-16,,,328
1112,2003-01-17,,,328
1113,2003-01-18,1.57,2.83,328
1114,2003-01-19,,,328
1115,2003-01-20,,,328
1116,2003-01-21,0.995,1.03,328
1117,2003-01-22,,,328
1118,2003-01-23,,,328
1119,2003-01-24,1.32,2.73,328
1120,2003-01-25,,,328
1121,2003-01-26,,,328
1122,2003-01-27,1.37,3.19,328
1123,2003-01-28,,,328
1124,2003-01-29,,,328
1125,2003-01-30,3.21,8.61,328
1126,2003-01-31,,,328
1127,2003-02-01,,,328
1128,2003-02-02,6.93,10.5,328
1129,2003-02-03,,,328
1130,2003-02-04,,,328
1131,2003-02-05,1.22,2.85,328
1132,2003-02-06,,,328
1133,2003-02-07,,,328
1134,2003-02-08,2.14,5.94,328
1135,2003-02-09,,,328
1136,2003-02-10,,,328
1137,2003-02-11,1.31,2.23,328
1138,2003-02-12,,,328
1139,2003-02-13,,,328
1140,2003-02-14,1.04,2.96,328
1141,2003-02-15,,,328
1142,2003-02-16,,,328
1143,2003-02-17,2.15,2.83,328
1144,2003-02-18,,,328
1145,2003-02-19,,,328
1146,2003-02-20,1.22,3.42,328
1147,2003-02-21,,,328
1148,2003-02-22,,,328
1149,2003-02-23,1.69,0.774,328
1150,2003-02-24,,,328
1151,2003-02-25,,,328
1152,2003-02-26,2.59,8.76,328
1153,2003-02-27,,,328
1154,2003-02-28,,,328
1155,2003-03-01,,,328
1156,2003-03-02,,,328
1157,2003-03-03,,,328
1158,2003-03-04,,,328
1159,2003-03-05,1.59,1.99,328
1160,2003-03-06,,,328
1161,2003-03-07,5.07,12.4,328
1162,2003-03-08,,,328
1163,2003-03-09,,,328
1164,2003-03-10,1.61,2.78,328
1165,2003-03-11,,,328
1166,2003-03-12,,,328
1167,2003-03-13,2.22,0.665,328
1168,2003-03-14,,,328
1169,2003-03-15,,,328
1170,2003-03-16,7.96,13.7,328
1171,2003-03-17,,,328
1172,2003-03-18,,,328
1173,2003-03-19,,,328
1174,2003-03-20,,,328
1175,2003-03-21,,,328
1176,2003-03-22,2.34,2.57,328
1177,2003-03-23,,,328
1178,2003-03-24,,,328
1179,2003-03-25,0.951,0.803,328
1180,2003-03-26,,,328
1181,2003-03-27,,,328
1182,2003-03-28,2.36,5.07,328
1183,2003-03-29,,,328
1184,2003-03-30,,,328
1185,2003-03-31,2.2,3.38,328
1186,2003-04-01,,,328
1187,2003-04-02,,,328
1188,2003-04-03,4.2,4.17,328
1189,2003-04-04,,,328
1190,2003-04-05,,,328
1191,2003-04-06,1.91,1.03,328
1192,2003-04-07,,,328
1193,2003-04-08,,,328
1194,2003-04-09,1.78,1.78,328
1195,2003-04-10,,,328
1196,2003-04-11,,,328
1197,2003-04-12,0.886,0.389,328
1198,2003-04-13,,,328
1199,2003-04-14,,,328
1200,2003-04-15,3.23,1.15,328
1201,2003-04-16,,,328
1202,2003-04-17,,,328
1203,2003-04-18,1.63,3.5,328
1204,2003-04-19,,,328
1205,2003-04-20,,,328
1206,2003-04-21,,,328
1207,2003-04-22,,,328
1208,2003-04-23,,,328
1209,2003-04-24,1.31,5.16,328
1210,2003-04-25,,,328
1211,2003-04-26,,,328
1212,2003-04-27,3.57,2.16,328
1213,2003-04-28,,,328
1214,2003-04-29,,,328
1215,2003-04-30,1.07,1.85,328
1216,2003-05-01,,,328
1217,2003-05-02,,,328
1218,2003-05-03,1.61,0.34,328
1219,2003-05-04,,,328
1220,2003-05-05,,,328
1221,2003-05-06,2.13,4.42,328
1222,2003-05-07,,,328
1223,2003-05-08,,,328
1224,2003-05-09,3.07,4.58,328
1225,2003-05-10,,,328
1226,2003-05-11,,,328
1227,2003-05-12,0.659,0.156,328
1228,2003-05-13,,,328
1229,2003-05-14,,,328
1230,2003-05-15,2.04,2.07,328
1231,2003-05-16,,,328
1232,2003-05-17,,,328
1233,2003-05-18,8.05,4.22,328
1234,2003-05-19,,,328
1235,2003-05-20,,,328
1236,2003-05-21,,,328
1237,2003-05-22,,,328
1238,2003-05-23,,,328
1239,2003-05-24,1.22,0.34,328
1240,2003-05-25,,,328
1241,2003-05-26,,,328
1242,2003-05-27,1.5,0.504,328
1243,2003-05-28,,,328
1244,2003-05-29,,,328
1245,2003-05-30,1.77,3.56,328
1246,2003-05-31,,,328
1247,2003-06-01,,,328
1248,2003-06-02,1.86,2.21,328
1249,2003-06-03,,,328
1250,2003-06-04,,,328
1251,2003-06-05,1.71,0.708,328
1252,2003-06-06,,,328
1253,2003-06-07,,,328
1254,2003-06-08,2.41,2.14,328
1255,2003-06-09,,,328
1256,2003-06-10,,,328
1257,2003-06-11,1.34,0.929,328
1258,2003-06-12,,,328
1259,2003-06-13,,,328
1260,2003-06-14,2.67,1.58,328
1261,2003-06-15,,,328
1262,2003-06-16,,,328
1263,2003-06-17,4.47,1.01,328
1264,2003-06-18,,,328
1265,2003-06-19,,,328
1266,2003-06-20,1.27,0.544,328
1267,2003-06-21,,,328
1268,2003-06-22,,,328
1269,2003-06-23,8.72,1.47,328
1270,2003-06-24,,,328
1271,2003-06-25,,,328
1272,2003-06-26,1.5,0.452,328
1273,2003-06-27,,,328
1274,2003-06-28,,,328
1275,2003-06-29,1.85,1.74,328
1276,2003-06-30,,,328
1277,2003-07-01,,,328
1278,2003-07-02,6.75,1.94,328
1279,2003-07-03,,,328
1280,2003-07-04,,,328
1281,2003-07-05,3.82,1.9,328
1282,2003-07-06,,,328
1283,2003-07-07,,,328
1284,2003-07-08,,,328
1285,2003-07-09,,,328
1286,2003-07-10,,,328
1287,2003-07-11,0.669,0.25,328
1288,2003-07-12,,,328
1289,2003-07-13,,,328
1290,2003-07-14,8.09,1.35,328
1291,2003-07-15,,,328
1292,2003-07-16,,,328
1293,2003-07-17,,,328
1294,2003-07-18,,,328
1295,2003-07-19,,,328
1296,2003-07-20,5.51,0.814,328
1297,2003-07-21,,,328
1298,2003-07-22,,,328
1299,2003-07-23,,0.148,328
1300,2003-07-24,,,328
1301,2003-07-25,,,328
1302,2003-07-26,6.19,0.398,328
1303,2003-07-27,,,328
1304,2003-07-28,,,328
1305,2003-07-29,1.74,0.503,328
1306,2003-07-30,,,328
1307,2003-07-31,,,328
1308,2003-08-01,10.7,2.48,328
1309,2003-08-02,,,328
1310,2003-08-03,,,328
1311,2003-08-04,6.93,2.93,328
1312,2003-08-05,,,328
1313,2003-08-06,,,328
1314,2003-08-07,1.93,0.479,328
1315,2003-08-08,,,328
1316,2003-08-09,,,328
1317,2003-08-10,1.28,0.358,328
1318,2003-08-11,,,328
1319,2003-08-12,,,328
1320,2003-08-13,1.54,0.707,328
1321,2003-08-14,,,328
1322,2003-08-15,,,328
1323,2003-08-16,8.39,0.439,328
1324,2003-08-17,,,328
1325,2003-08-18,,,328
1326,2003-08-19,5.78,1.62,328
1327,2003-08-20,,,328
1328,2003-08-21,,,328
1329,2003-08-22,1.44,0.174,328
1330,2003-08-23,,,328
1331,2003-08-24,,,328
1332,2003-08-25,3.73,0.496,328
1333,2003-08-26,,,328
1334,2003-08-27,,,328
1335,2003-08-28,4.25,1.02,328
1336,2003-08-29,,,328
1337,2003-08-30,,,328
1338,2003-08-31,,,328
1339,2003-09-01,,,328
1340,2003-09-02,,,328
1341,2003-09-03,,,328
1342,2003-09-04,,,328
1343,2003-09-05,,,328
1344,2003-09-06,2.47,0.954,328
1345,2003-09-07,,,328
1346,2003-09-08,,,328
1347,2003-09-09,8.46,5.56,328
1348,2003-09-10,,,328
1349,2003-09-11,,,328
1350,2003-09-12,10.6,1.93,328
1351,2003-09-13,,,328
1352,2003-09-14,,,328
1353,2003-09-15,1.24,0.403,328
1354,2003-09-16,,,328
1355,2003-09-17,,,328
1356,2003-09-18,10.0,2.52,328
1357,2003-09-19,,,328
1358,2003-09-20,,,328
1359,2003-09-21,2.39,2.23,328
1360,2003-09-22,,,328
1361,2003-09-23,,,328
1362,2003-09-24,1.66,0.525,328
1363,2003-09-25,,,328
1364,2003-09-26,,,328
1365,2003-09-27,1.22,0.802,328
1366,2003-09-28,,,328
1367,2003-09-29,,,328
1368,2003-09-30,0.78,0.554,328
1369,2003-10-01,,,328
1370,2003-10-02,,,328
1371,2003-10-03,1.02,1.32,328
1372,2003-10-04,,,328
1373,2003-10-05,,,328
1374,2003-10-06,0.898,1.24,328
1375,2003-10-07,,,328
1376,2003-10-08,,,328
1377,2003-10-09,10.1,6.36,328
1378,2003-10-10,,,328
1379,2003-10-11,,,328
1380,2003-10-12,0.695,0.487,328
1381,2003-10-13,,,328
1382,2003-10-14,,,328
1383,2003-10-15,1.24,0.635,328
1384,2003-10-16,,,328
1385,2003-10-17,,,328
1386,2003-10-18,1.15,1.68,328
1387,2003-10-19,,,328
1388,2003-10-20,,,328
1389,2003-10-21,1.51,0.563,328
1390,2003-10-22,,,328
1391,2003-10-23,,,328
1392,2003-10-24,2.3,4.51,328
1393,2003-10-25,,,328
1394,2003-10-26,,,328
1395,2003-10-27,2.31,2.72,328
1396,2003-10-28,,,328
1397,2003-10-29,,,328
1398,2003-10-30,2.52,3.79,328
1399,2003-10-31,,,328
1400,2003-11-01,,,328
1401,2003-11-02,1.37,1.57,328
1402,2003-11-03,,,328
1403,2003-11-04,,,328
1404,2003-11-05,,,328
1405,2003-11-06,,,328
1406,2003-11-07,,,328
1407,2003-11-08,0.835,0.854,328
1408,2003-11-09,,,328
1409,2003-11-10,,,328
1410,2003-11-11,3.65,6.26,328
1411,2003-11-12,,,328
1412,2003-11-13,,,328
1413,2003-11-14,0.633,1.98,328
1414,2003-11-15,,,328
1415,2003-11-16,,,328
1416,2003-11-17,4.72,7.68,328
1417,2003-11-18,,,328
1418,2003-11-19,,,328
1419,2003-11-20,0.574,1.18,328
1420,2003-11-21,,,328
1421,2003-11-22,,,328
1422,2003-11-23,2.33,3.17,328
1423,2003-11-24,,,328
1424,2003-11-25,,,328
1425,2003-11-26,1.1,5.44,328
1426,2003-11-27,,,328
1427,2003-11-28,,,328
1428,2003-11-29,1.6,2.1,328
1429,2003-11-30,,,328
1430,2003-12-01,,,328
1431,2003-12-02,0.422,0.868,328
1432,2003-12-03,,,328
1433,2003-12-04,,,328
1434,2003-12-05,0.886,3.56,328
1435,2003-12-06,,,328
1436,2003-12-07,,,328
1437,2003-12-08,3.64,8.69,328
1438,2003-12-09,,,328
1439,2003-12-10,,,328
1440,2003-12-11,1.2,1.28,328
1441,2003-12-12,,,328
1442,2003-12-13,,,328
1443,2003-12-14,2.3,5.16,328
1444,2003-12-15,,,328
1445,2003-12-16,,,328
1446,2003-12-17,3.14,1.41,328
1447,2003-12-18,,,328
1448,2003-12-19,,,328
1449,2003-12-20,0.832,1.51,328
1450,2003-12-21,,,328
1451,2003-12-22,,,328
1452,2003-12-23,1.64,4.4,328
1453,2003-12-24,,,328
1454,2003-12-25,,,328
1455,2003-12-26,1.46,5.88,328
1456,2003-12-27,,,328
1457,2003-12-28,,,328
1458,2003-12-29,1.96,2.34,328
1459,2003-12-30,,,328
1460,2003-12-31,,,328
1461,2004-01-01,1.3,3.85,328
1462,2004-01-02,,,328
1463,2004-01-03,,,328
1464,2004-01-04,,0.624,328
1465,2004-01-05,,,328
1466,2004-01-06,,,328
1467,2004-01-07,,3.32,328
1468,2004-01-08,,,328
1469,2004-01-09,,,328
1470,2004-01-10,2.05,9.11,328
1471,2004-01-11,,,328
1472,2004-01-12,,,328
1473,2004-01-13,1.83,1.78,328
1474,2004-01-14,,,328
1475,2004-01-15,,,328
1476,2004-01-16,,4.05,328
1477,2004-01-17,,,328
1478,2004-01-18,,,328
1479,2004-01-19,0.792,1.08,328
1480,2004-01-20,,,328
1481,2004-01-21,,,328
1482,2004-01-22,0.654,0.493,328
1483,2004-01-23,,,328
1484,2004-01-24,,,328
1485,2004-01-25,0.907,1.15,328
1486,2004-01-26,,,328
1487,2004-01-27,,,328
1488,2004-01-28,1.25,3.72,328
1489,2004-01-29,,,328
1490,2004-01-30,,,328
1491,2004-01-31,,,328
1492,2004-02-01,,,328
1493,2004-02-02,,,328
1494,2004-02-03,3.65,5.12,328
1495,2004-02-04,,,328
1496,2004-02-05,,,328
1497,2004-02-06,2.15,3.81,328
1498,2004-02-07,,,328
1499,2004-02-08,,,328
1500,2004-02-09,2.81,4.01,328
1501,2004-02-10,,,328
1502,2004-02-11,,,328
1503,2004-02-12,2.49,5.32,328
1504,2004-02-13,,,328
1505,2004-02-14,,,328
1506,2004-02-15,0.894,1.2,328
1507,2004-02-16,,,328
1508,2004-02-17,,,328
1509,2004-02-18,4.07,18.3,328
1510,2004-02-19,,,328
1511,2004-02-20,,,328
1512,2004-02-21,2.46,1.3,328
1513,2004-02-22,,,328
1514,2004-02-23,,,328
1515,2004-02-24,3.2,3.44,328
1516,2004-02-25,,,328
1517,2004-02-26,,,328
1518,2004-02-27,4.11,11.1,328
1519,2004-02-28,,,328
1520,2004-02-29,,,328
1521,2004-03-01,2.79,4.45,328
1522,2004-03-02,,,328
1523,2004-03-03,,,328
1524,2004-03-04,4.9,9.26,328
1525,2004-03-05,,,328
1526,2004-03-06,,,328
1527,2004-03-07,2.69,1.35,328
1528,2004-03-08,,,328
1529,2004-03-09,,,328
1530,2004-03-10,3.11,5.14,328
1531,2004-03-11,,,328
1532,2004-03-12,,,328
1533,2004-03-13,1.61,4.76,328
1534,2004-03-14,,,328
1535,2004-03-15,,,328
1536,2004-03-16,1.04,1.05,328
1537,2004-03-17,,,328
1538,2004-03-18,,,328
1539,2004-03-19,3.27,8.57,328
1540,2004-03-20,,,328
1541,2004-03-21,,,328
1542,2004-03-22,,1.8,328
1543,2004-03-23,,,328
1544,2004-03-24,,,328
1545,2004-03-25,6.19,4.83,328
1546,2004-03-26,,,328
1547,2004-03-27,,,328
1548,2004-03-28,4.02,4.28,328
1549,2004-03-29,,,328
1550,2004-03-30,,,328
1551,2004-03-31,0.905,0.671,328
1552,2004-04-01,,,328
1553,2004-04-02,,,328
1554,2004-04-03,0.739,0.759,328
1555,2004-04-04,,,328
1556,2004-04-05,,,328
1557,2004-04-06,2.65,8.76,328
1558,2004-04-07,,,328
1559,2004-04-08,,,328
1560,2004-04-09,1.91,1.99,328
1561,2004-04-10,,,328
1562,2004-04-11,,,328
1563,2004-04-12,0.7,0.379,328
1564,2004-04-13,,,328
1565,2004-04-14,,,328
1566,2004-04-15,2.87,9.0,328
1567,2004-04-16,,,328
1568,2004-04-17,,,328
1569,2004-04-18,3.99,2.2,328
1570,2004-04-19,,,328
1571,2004-04-20,,,328
1572,2004-04-21,1.58,1.42,328
1573,2004-04-22,,,328
1574,2004-04-23,,,328
1575,2004-04-24,1.24,0.721,328
1576,2004-04-25,,,328
1577,2004-04-26,,,328
1578,2004-04-27,1.2,0.749,328
1579,2004-04-28,,,328
1580,2004-04-29,,,328
1581,2004-04-30,0.549,0.388,328
1582,2004-05-01,,,328
1583,2004-05-02,,,328
1584,2004-05-03,0.937,1.01,328
1585,2004-05-04,,,328
1586,2004-05-05,,,328
1587,2004-05-06,2.5,3.37,328
1588,2004-05-07,,,328
1589,2004-05-08,,,328
1590,2004-05-09,4.05,4.84,328
1591,2004-05-10,,,328
1592,2004-05-11,,,328
1593,2004-05-12,5.06,2.89,328
1594,2004-05-13,,,328
1595,2004-05-14,,,328
1596,2004-05-15,0.444,0.198,328
1597,2004-05-16,,,328
1598,2004-05-17,,,328
1599,2004-05-18,1.54,0.423,328
1600,2004-05-19,,,328
1601,2004-05-20,,,328
1602,2004-05-21,1.09,0.835,328
1603,2004-05-22,,,328
1604,2004-05-23,,,328
1605,2004-05-24,1.13,0.354,328
1606,2004-05-25,,,328
1607,2004-05-26,,,328
1608,2004-05-27,2.73,2.46,328
1609,2004-05-28,,,328
1610,2004-05-29,,,328
1611,2004-05-30,4.21,3.4,328
1612,2004-05-31,,,328
1613,2004-06-01,,,328
1614,2004-06-02,1.91,0.911,328
1615,2004-06-03,,,328
1616,2004-06-04,,,328
1617,2004-06-05,2.5,2.06,328
1618,2004-06-06,,,328
1619,2004-06-07,,,328
1620,2004-06-08,5.03,0.776,328
1621,2004-06-09,,,328
1622,2004-06-10,,,328
1623,2004-06-11,1.21,1.92,328
1624,2004-06-12,,,328
1625,2004-06-13,,,328
1626,2004-06-14,1.62,0.91,328
1627,2004-06-15,,,328
1628,2004-06-16,,,328
1629,2004-06-17,4.15,3.26,328
1630,2004-06-18,,,328
1631,2004-06-19,,,328
1632,2004-06-20,1.75,0.442,328
1633,2004-06-21,,,328
1634,2004-06-22,,,328
1635,2004-06-23,1.32,0.955,328
1636,2004-06-24,,,328
1637,2004-06-25,,,328
1638,2004-06-26,,,328
1639,2004-06-27,,,328
1640,2004-06-28,,,328
1641,2004-06-29,1.15,0.225,328
1642,2004-06-30,,,328
1643,2004-07-01,,,328
1644,2004-07-02,0.856,0.392,328
1645,2004-07-03,,,328
1646,2004-07-04,,,328
1647,2004-07-05,2.37,0.511,328
1648,2004-07-06,,,328
1649,2004-07-07,,,328
1650,2004-07-08,0.674,0.302,328
1651,2004-07-09,,,328
1652,2004-07-10,,,328
1653,2004-07-11,5.96,2.32,328
1654,2004-07-12,,,328
1655,2004-07-13,,,328
1656,2004-07-14,0.782,0.208,328
1657,2004-07-15,,,328
1658,2004-07-16,,,328
1659,2004-07-17,0.904,0.187,328
1660,2004-07-18,,,328
1661,2004-07-19,,,328
1662,2004-07-20,6.64,2.52,328
1663,2004-07-21,,,328
1664,2004-07-22,,,328
1665,2004-07-23,0.303,0.121,328
1666,2004-07-24,,,328
1667,2004-07-25,,,328
1668,2004-07-26,1.22,0.507,328
1669,2004-07-27,,,328
1670,2004-07-28,,,328
1671,2004-07-29,6.63,1.25,328
1672,2004-07-30,,,328
1673,2004-07-31,,,328
1674,2004-08-01,2.43,0.426,328
1675,2004-08-02,,,328
1676,2004-08-03,,,328
1677,2004-08-04,0.452,0.131,328
1678,2004-08-05,,,328
1679,2004-08-06,,,328
1680,2004-08-07,1.17,0.547,328
1681,2004-08-08,,,328
1682,2004-08-09,,,328
1683,2004-08-10,2.06,0.357,328
1684,2004-08-11,,,328
1685,2004-08-12,,,328
1686,2004-08-13,0.463,0.233,328
1687,2004-08-14,,,328
1688,2004-08-15,,,328
1689,2004-08-16,4.03,1.25,328
1690,2004-08-17,,,328
1691,2004-08-18,,,328
1692,2004-08-19,0.609,0.209,328
1693,2004-08-20,,,328
1694,2004-08-21,,,328
1695,2004-08-22,2.27,0.752,328
1696,2004-08-23,,,328
1697,2004-08-24,,,328
1698,2004-08-25,2.66,2.81,328
1699,2004-08-26,,,328
1700,2004-08-27,,,328
1701,2004-08-28,,0.138,328
1702,2004-08-29,,,328
1703,2004-08-30,,,328
1704,2004-08-31,1.7,0.57,328
1705,2004-09-01,,,328
1706,2004-09-02,,,328
1707,2004-09-03,14.6,6.88,328
1708,2004-09-04,,,328
1709,2004-09-05,,,328
1710,2004-09-06,8.33,0.302,328
1711,2004-09-07,,,328
1712,2004-09-08,,,328
1713,2004-09-09,0.839,0.257,328
1714,2004-09-10,,,328
1715,2004-09-11,,,328
1716,2004-09-12,9.78,1.54,328
1717,2004-09-13,,,328
1718,2004-09-14,,,328
1719,2004-09-15,4.54,0.513,328
1720,2004-09-16,,,328
1721,2004-09-17,,,328
1722,2004-09-18,1.19,0.567,328
1723,2004-09-19,,,328
1724,2004-09-20,,,328
1725,2004-09-21,5.11,1.85,328
1726,2004-09-22,,,328
1727,2004-09-23,,,328
1728,2004-09-24,2.42,0.642,328
1729,2004-09-25,,,328
1730,2004-09-26,,,328
1731,2004-09-27,1.7,1.34,328
1732,2004-09-28,,,328
1733,2004-09-29,,,328
1734,2004-09-30,1.77,2.57,328
1735,2004-10-01,,,328
1736,2004-10-02,,,328
1737,2004-10-03,0.545,0.529,328
1738,2004-10-04,,,328
1739,2004-10-05,,,328
1740,2004-10-06,1.32,0.702,328
1741,2004-10-07,,,328
1742,2004-10-08,,,328
1743,2004-10-09,0.555,0.233,328
1744,2004-10-10,,,328
1745,2004-10-11,,,328
1746,2004-10-12,2.63,2.61,328
1747,2004-10-13,,,328
1748,2004-10-14,,,328
1749,2004-10-15,2.39,2.09,328
1750,2004-10-16,,,328
1751,2004-10-17,,,328
1752,2004-10-18,1.12,1.42,328
1753,2004-10-19,,,328
1754,2004-10-20,,,328
1755,2004-10-21,2.25,2.07,328
1756,2004-10-22,,,328
1757,2004-10-23,,,328
1758,2004-10-24,,,328
1759,2004-10-25,,,328
1760,2004-10-26,,,328
1761,2004-10-27,5.5,4.77,328
1762,2004-10-28,,,328
1763,2004-10-29,,,328
1764,2004-10-30,0.959,0.18,328
1765,2004-10-31,,,328
1766,2004-11-01,,,328
1767,2004-11-02,1.22,0.609,328
1768,2004-11-03,,,328
1769,2004-11-04,,,328
1770,2004-11-05,0.758,0.617,328
1771,2004-11-06,,,328
1772,2004-11-07,,,328
1773,2004-11-08,0.506,0.652,328
1774,2004-11-09,,,328
1775,2004-11-10,,,328
1776,2004-11-11,0.803,0.44,328
1777,2004-11-12,,,328
1778,2004-11-13,,,328
1779,2004-11-14,2.09,3.87,328
1780,2004-11-15,,,328
1781,2004-11-16,,,328
1782,2004-11-17,6.09,8.11,328
1783,2004-11-18,,,328
1784,2004-11-19,,,328
1785,2004-11-20,2.75,3.39,328
1786,2004-11-21,,,328
1787,2004-11-22,,,328
1788,2004-11-23,3.47,5.21,328
1789,2004-11-24,,,328
1790,2004-11-25,,,328
1791,2004-11-26,1.57,6.16,328
1792,2004-11-27,,,328
1793,2004-11-28,,,328
1794,2004-11-29,0.976,3.62,328
1795,2004-11-30,,,328
1796,2004-12-01,,,328
1797,2004-12-02,2.2,5.21,328
1798,2004-12-03,,,328
1799,2004-12-04,,,328
1800,2004-12-05,1.19,1.98,328
1801,2004-12-06,,,328
1802,2004-12-07,,,328
1803,2004-12-08,3.08,5.09,328
1804,2004-12-09,,,328
1805,2004-12-10,,,328
1806,2004-12-11,1.49,0.807,328
1807,2004-12-12,,,328
1808,2004-12-13,,,328
1809,2004-12-14,0.867,1.04,328
1810,2004-12-15,,,328
1811,2004-12-16,,,328
1812,2004-12-17,1.89,2.6,328
1813,2004-12-18,,,328
1814,2004-12-19,,,328
1815,2004-12-20,1.2,1.81,328
1816,2004-12-21,,,328
1817,2004-12-22,,,328
1818,2004-12-23,0.881,1.16,328
1819,2004-12-24,,,328
1820,2004-12-25,,,328
1821,2004-12-26,2.01,5.32,328
1822,2004-12-27,,,328
1823,2004-12-28,,,328
1824,2004-12-29,5.24,18.5,328
1825,2004-12-30,,,328
1826,2004-12-31,,,328
1827,2005-01-01,2.08,1.87,328
1828,2005-01-02,,,328
1829,2005-01-03,,,328
1830,2005-01-04,,,328
1831,2005-01-05,,,328
1832,2005-01-06,,,328
1833,2005-01-07,4.02,8.05,328
1834,2005-01-08,,,328
1835,2005-01-09,,,328
1836,2005-01-10,3.17,6.6,328
1837,2005-01-11,,,328
1838,2005-01-12,,,328
1839,2005-01-13,2.52,3.31,328
1840,2005-01-14,,,328
1841,2005-01-15,,,328
1842,2005-01-16,1.04,2.56,328
1843,2005-01-17,,,328
1844,2005-01-18,,,328
1845,2005-01-19,3.09,5.98,328
1846,2005-01-20,,,328
1847,2005-01-21,,,328
1848,2005-01-22,,,328
1849,2005-01-23,,,328
1850,2005-01-24,,,328
1851,2005-01-25,,,328
1852,2005-01-26,,,328
1853,2005-01-27,,,328
1854,2005-01-28,2.57,5.52,328
1855,2005-01-29,,,328
1856,2005-01-30,,,328
1857,2005-01-31,6.91,12.8,328
1858,2005-02-01,,,328
1859,2005-02-02,,,328
1860,2005-02-03,6.28,18.2,328
1861,2005-02-04,,,328
1862,2005-02-05,,,328
1863,2005-02-06,6.5,12.3,328
1864,2005-02-07,,,328
1865,2005-02-08,,,328
1866,2005-02-09,1.7,2.3,328
1867,2005-02-10,,,328
1868,2005-02-11,,,328
1869,2005-02-12,0.91,8.73,328
1870,2005-02-13,,,328
1871,2005-02-14,,,328
1872,2005-02-15,2.55,5.68,328
1873,2005-02-16,,,328
1874,2005-02-17,,,328
1875,2005-02-18,,,328
1876,2005-02-19,,,328
1877,2005-02-20,,,328
1878,2005-02-21,3.38,4.78,328
1879,2005-02-22,,,328
1880,2005-02-23,,,328
1881,2005-02-24,4.37,10.8,328
1882,2005-02-25,,,328
1883,2005-02-26,,,328
1884,2005-02-27,2.46,6.37,328
1885,2005-02-28,,,328
1886,2005-03-01,,,328
1887,2005-03-02,0.71,1.14,328
1888,2005-03-03,,,328
1889,2005-03-04,,,328
1890,2005-03-05,4.54,12.5,328
1891,2005-03-06,,,328
1892,2005-03-07,,,328
1893,2005-03-08,,,328
1894,2005-03-09,,,328
1895,2005-03-10,,,328
1896,2005-03-11,2.24,3.5,328
1897,2005-03-12,,,328
1898,2005-03-13,,,328
1899,2005-03-14,1.46,5.54,328
1900,2005-03-15,,,328
1901,2005-03-16,,,328
1902,2005-03-17,3.79,5.45,328
1903,2005-03-18,,,328
1904,2005-03-19,,,328
1905,2005-03-20,4.88,1.94,328
1906,2005-03-21,,,328
1907,2005-03-22,,,328
1908,2005-03-23,1.02,0.771,328
1909,2005-03-24,,,328
1910,2005-03-25,,,328
1911,2005-03-26,3.26,3.13,328
1912,2005-03-27,,,328
1913,2005-03-28,,,328
1914,2005-03-29,3.67,8.6,328
1915,2005-03-30,,,328
1916,2005-03-31,,,328
1917,2005-04-01,1.99,2.0,328
1918,2005-04-02,,,328
1919,2005-04-03,,,328
1920,2005-04-04,,,328
1921,2005-04-05,,,328
1922,2005-04-06,,,328
1923,2005-04-07,1.54,1.15,328
1924,2005-04-08,,,328
1925,2005-04-09,,,328
1926,2005-04-10,5.61,6.67,328
1927,2005-04-11,,,328
1928,2005-04-12,,,328
1929,2005-04-13,0.996,0.39,328
1930,2005-04-14,,,328
1931,2005-04-15,,,328
1932,2005-04-16,3.77,8.11,328
1933,2005-04-17,,,328
1934,2005-04-18,,,328
1935,2005-04-19,8.02,2.29,328
1936,2005-04-20,,,328
1937,2005-04-21,,,328
1938,2005-04-22,1.17,2.91,328
1939,2005-04-23,,,328
1940,2005-04-24,,,328
1941,2005-04-25,0.898,0.904,328
1942,2005-04-26,,,328
1943,2005-04-27,,,328
1944,2005-04-28,1.78,3.34,328
1945,2005-04-29,,,328
1946,2005-04-30,,,328
1947,2005-05-01,2.0,1.93,328
1948,2005-05-02,,,328
1949,2005-05-03,,,328
1950,2005-05-04,3.15,7.07,328
1951,2005-05-05,,,328
1952,2005-05-06,,,328
1953,2005-05-07,4.2,3.26,328
1954,2005-05-08,,,328
1955,2005-05-09,,,328
1956,2005-05-10,1.5,1.69,328
1957,2005-05-11,,,328
1958,2005-05-12,,,328
1959,2005-05-13,2.35,4.98,328
1960,2005-05-14,,,328
1961,2005-05-15,,,328
1962,2005-05-16,0.636,0.162,328
1963,2005-05-17,,,328
1964,2005-05-18,,,328
1965,2005-05-19,4.55,5.36,328
1966,2005-05-20,,,328
1967,2005-05-21,,,328
1968,2005-05-22,2.76,1.54,328
1969,2005-05-23,,,328
1970,2005-05-24,,,328
1971,2005-05-25,,,328
1972,2005-05-26,,,328
1973,2005-05-27,,,328
1974,2005-05-28,,,328
1975,2005-05-29,,,328
1976,2005-05-30,,,328
1977,2005-05-31,0.866,0.782,328
1978,2005-06-01,,,328
1979,2005-06-02,,,328
1980,2005-06-03,7.3,3.72,328
1981,2005-06-04,,,328
1982,2005-06-05,,,328
1983,2005-06-06,1.64,0.256,328
1984,2005-06-07,,,328
1985,2005-06-08,,,328
1986,2005-06-09,3.55,2.14,328
1987,2005-06-10,,,328
1988,2005-06-11,,,328
1989,2005-06-12,6.16,1.21,328
1990,2005-06-13,,,328
1991,2005-06-14,,,328
1992,2005-06-15,1.24,0.481,328
1993,2005-06-16,,,328
1994,2005-06-17,,,328
1995,2005-06-18,0.332,0.2,328
1996,2005-06-19,,,328
1997,2005-06-20,,,328
1998,2005-06-21,2.72,0.578,328
1999,2005-06-22,,,328
2000,2005-06-23,,,328
2001,2005-06-24,8.56,0.648,328
2002,2005-06-25,,,328
2003,2005-06-26,,,328
2004,2005-06-27,22.8,2.03,328
2005,2005-06-28,,,328
2006,2005-06-29,,,328
2007,2005-06-30,2.35,0.681,328
2008,2005-07-01,,,328
2009,2005-07-02,,,328
2010,2005-07-03,7.45,2.66,328
2011,2005-07-04,,,328
2012,2005-07-05,,,328
2013,2005-07-06,2.27,0.32,328
2014,2005-07-07,,,328
2015,2005-07-08,,,328
2016,2005-07-09,2.06,0.789,328
2017,2005-07-10,,,328
2018,2005-07-11,,,328
2019,2005-07-12,9.41,2.22,328
2020,2005-07-13,,,328
2021,2005-07-14,,,328
2022,2005-07-15,,0.229,328
2023,2005-07-16,,,328
2024,2005-07-17,,,328
2025,2005-07-18,4.17,0.33,328
2026,2005-07-19,,,328
2027,2005-07-20,,,328
2028,2005-07-21,1.53,1.53,328
2029,2005-07-22,,,328
2030,2005-07-23,,,328
2031,2005-07-24,6.58,0.818,328
2032,2005-07-25,,,328
2033,2005-07-26,,,328
2034,2005-07-27,,,328
2035,2005-07-28,,,328
2036,2005-07-29,,,328
2037,2005-07-30,3.12,0.73,328
2038,2005-07-31,,,328
2039,2005-08-01,,,328
2040,2005-08-02,23.9,1.01,328
2041,2005-08-03,,,328
2042,2005-08-04,,,328
2043,2005-08-05,1.01,0.178,328
2044,2005-08-06,,,328
2045,2005-08-07,,,328
2046,2005-08-08,9.6,1.02,328
2047,2005-08-09,,,328
2048,2005-08-10,,,328
2049,2005-08-11,2.4,2.61,328
2050,2005-08-12,,,328
2051,2005-08-13,,,328
2052,2005-08-14,0.91,0.355,328
2053,2005-08-15,,,328
2054,2005-08-16,,,328
2055,2005-08-17,4.01,0.781,328
2056,2005-08-18,,,328
2057,2005-08-19,,,328
2058,2005-08-20,2.46,0.57,328
2059,2005-08-21,,,328
2060,2005-08-22,,,328
2061,2005-08-23,0.575,0.236,328
2062,2005-08-24,,,328
2063,2005-08-25,,,328
2064,2005-08-26,13.5,1.76,328
2065,2005-08-27,,,328
2066,2005-08-28,,,328
2067,2005-08-29,3.19,1.25,328
2068,2005-08-30,,,328
2069,2005-08-31,,,328
2070,2005-09-01,1.19,0.342,328
2071,2005-09-02,,,328
2072,2005-09-03,,,328
2073,2005-09-04,0.742,0.189,328
2074,2005-09-05,,,328
2075,2005-09-06,,,328
2076,2005-09-07,11.8,1.43,328
2077,2005-09-08,,,328
2078,2005-09-09,,,328
2079,2005-09-10,18.1,2.93,328
2080,2005-09-11,,,328
2081,2005-09-12,,,328
2082,2005-09-13,8.78,0.542,328
2083,2005-09-14,,,328
2084,2005-09-15,,,328
2085,2005-09-16,1.14,0.278,328
2086,2005-09-17,,,328
2087,2005-09-18,,,328
2088,2005-09-19,7.69,1.46,328
2089,2005-09-20,,,328
2090,2005-09-21,,,328
2091,2005-09-22,7.94,2.53,328
2092,2005-09-23,,,328
2093,2005-09-24,,,328
2094,2005-09-25,4.09,4.81,328
2095,2005-09-26,,,328
2096,2005-09-27,,,328
2097,2005-09-28,2.91,1.82,328
2098,2005-09-29,,,328
2099,2005-09-30,,,328
2100,2005-10-01,4.61,1.43,328
2101,2005-10-02,,,328
2102,2005-10-03,,,328
2103,2005-10-04,7.73,1.28,328
2104,2005-10-05,,,328
2105,2005-10-06,,,328
2106,2005-10-07,0.363,0.168,328
2107,2005-10-08,,,328
2108,2005-10-09,,,328
2109,2005-10-10,1.8,0.589,328
2110,2005-10-11,,,328
2111,2005-10-12,,,328
2112,2005-10-13,7.92,5.75,328
2113,2005-10-14,,,328
2114,2005-10-15,,,328
2115,2005-10-16,0.974,0.445,328
2116,2005-10-17,,,328
2117,2005-10-18,,,328
2118,2005-10-19,1.07,0.471,328
2119,2005-10-20,,,328
2120,2005-10-21,,,328
2121,2005-10-22,1.79,3.06,328
2122,2005-10-23,,,328
2123,2005-10-24,,,328
2124,2005-10-25,0.942,0.412,328
2125,2005-10-26,,,328
2126,2005-10-27,,,328
2127,2005-10-28,1.87,3.61,328
2128,2005-10-29,,,328
2129,2005-10-30,,,328
2130,2005-10-31,5.62,5.9,328
2131,2005-11-01,,,328
2132,2005-11-02,,,328
2133,2005-11-03,1.6,2.58,328
2134,2005-11-04,,,328
2135,2005-11-05,,,328
2136,2005-11-06,,,328
2137,2005-11-07,,,328
2138,2005-11-08,,,328
2139,2005-11-09,2.3,2.68,328
2140,2005-11-10,,,328
2141,2005-11-11,,,328
2142,2005-11-12,2.43,3.08,328
2143,2005-11-13,,,328
2144,2005-11-14,,,328
2145,2005-11-15,,,328
2146,2005-11-16,,,328
2147,2005-11-17,,,328
2148,2005-11-18,,,328
2149,2005-11-19,,,328
2150,2005-11-20,,,328
2151,2005-11-21,3.4,2.3,328
2152,2005-11-22,,,328
2153,2005-11-23,,,328
2154,2005-11-24,,,328
2155,2005-11-25,,,328
2156,2005-11-26,,,328
2157,2005-11-27,3.29,4.92,328
2158,2005-11-28,,,328
2159,2005-11-29,,,328
2160,2005-11-30,,,328
2161,2005-12-01,,,328
2162,2005-12-02,,,328
2163,2005-12-03,0.904,1.82,328
2164,2005-12-04,,,328
2165,2005-12-05,,,328
2166,2005-12-06,1.82,5.19,328
2167,2005-12-07,,,328
2168,2005-12-08,,,328
2169,2005-12-09,1.85,8.38,328
2170,2005-12-10,,,328
2171,2005-12-11,,,328
2172,2005-12-12,,,328
2173,2005-12-13,3.87,6.3,328
2174,2005-12-14,,,328
2175,2005-12-15,2.6,4.61,328
2176,2005-12-16,,,328
2177,2005-12-17,,,328
2178,2005-12-18,1.78,5.39,328
2179,2005-12-19,,,328
2180,2005-12-20,,,328
2181,2005-12-21,4.64,13.9,328
2182,2005-12-22,,,328
2183,2005-12-23,,,328
2184,2005-12-24,3.57,14.5,328
2185,2005-12-25,,,328
2186,2005-12-26,,,328
2187,2005-12-27,,,328
2188,2005-12-28,,,328
2189,2005-12-29,,,328
2190,2005-12-30,3.48,1.8,328
2191,2005-12-31,,,328
2192,2006-01-01,,,328
2193,2006-01-02,2.42,3.52,328
2194,2006-01-03,,,328
2195,2006-01-04,,,328
2196,2006-01-05,0.905,0.452,328
2197,2006-01-06,,,328
2198,2006-01-07,,,328
2199,2006-01-08,2.15,5.89,328
2200,2006-01-09,,,328
2201,2006-01-10,,,328
2202,2006-01-11,,,328
2203,2006-01-12,,,328
2204,2006-01-13,,,328
2205,2006-01-14,1.4,0.589,328
2206,2006-01-15,,,328
2207,2006-01-16,,,328
2208,2006-01-17,3.32,6.47,328
2209,2006-01-18,,,328
2210,2006-01-19,,,328
2211,2006-01-20,3.46,7.58,328
2212,2006-01-21,,,328
2213,2006-01-22,,,328
2214,2006-01-23,4.84,6.74,328
2215,2006-01-24,,,328
2216,2006-01-25,,,328
2217,2006-01-26,,,328
2218,2006-01-27,,,328
2219,2006-01-28,,,328
2220,2006-01-29,2.06,2.18,328
2221,2006-01-30,,,328
2222,2006-01-31,,,328
2223,2006-02-01,,,328
2224,2006-02-02,,,328
2225,2006-02-03,,,328
2226,2006-02-04,,,328
2227,2006-02-05,,,328
2228,2006-02-06,,,328
2229,2006-02-07,,,328
2230,2006-02-08,,,328
2231,2006-02-09,,,328
2232,2006-02-10,2.62,8.9,328
2233,2006-02-11,,,328
2234,2006-02-12,,,328
2235,2006-02-13,2.44,3.39,328
2236,2006-02-14,,,328
2237,2006-02-15,,,328
2238,2006-02-16,0.863,0.238,328
2239,2006-02-17,,,328
2240,2006-02-18,,,328
2241,2006-02-19,1.47,2.7,328
2242,2006-02-20,,,328
2243,2006-02-21,,,328
2244,2006-02-22,1.87,5.06,328
2245,2006-02-23,,,328
2246,2006-02-24,,,328
2247,2006-02-25,,,328
2248,2006-02-26,,,328
2249,2006-02-27,,,328
2250,2006-02-28,1.83,1.11,328
2251,2006-03-01,,,328
2252,2006-03-02,,,328
2253,2006-03-03,0.92,1.49,328
2254,2006-03-04,,,328
2255,2006-03-05,,,328
2256,2006-03-06,2.51,5.15,328
2257,2006-03-07,,,328
2258,2006-03-08,,,328
2259,2006-03-09,3.61,7.09,328
2260,2006-03-10,,,328
2261,2006-03-11,,,328
2262,2006-03-12,2.34,2.49,328
2263,2006-03-13,,,328
2264,2006-03-14,,,328
2265,2006-03-15,,,328
2266,2006-03-16,,,328
2267,2006-03-17,,,328
2268,2006-03-18,1.38,1.34,328
2269,2006-03-19,,,328
2270,2006-03-20,,,328
2271,2006-03-21,0.952,0.592,328
2272,2006-03-22,,,328
2273,2006-03-23,,,328
2274,2006-03-24,0.932,1.45,328
2275,2006-03-25,,,328
2276,2006-03-26,,,328
2277,2006-03-27,2.23,4.23,328
2278,2006-03-28,,,328
2279,2006-03-29,,,328
2280,2006-03-30,9.29,10.4,328
2281,2006-03-31,,,328
2282,2006-04-01,,,328
2283,2006-04-02,2.49,3.39,328
2284,2006-04-03,,,328
2285,2006-04-04,,,328
2286,2006-04-05,1.31,0.489,328
2287,2006-04-06,,,328
2288,2006-04-07,,,328
2289,2006-04-08,1.94,0.643,328
2290,2006-04-09,,,328
2291,2006-04-10,,,328
2292,2006-04-11,4.38,2.13,328
2293,2006-04-12,,,328
2294,2006-04-13,,,328
2295,2006-04-14,1.63,2.03,328
2296,2006-04-15,,,328
2297,2006-04-16,,,328
2298,2006-04-17,1.38,0.166,328
2299,2006-04-18,,,328
2300,2006-04-19,,,328
2301,2006-04-20,2.51,4.1,328
2302,2006-04-21,,,328
2303,2006-04-22,,,328
2304,2006-04-23,1.56,1.2,328
2305,2006-04-24,,,328
2306,2006-04-25,,,328
2307,2006-04-26,0.961,1.39,328
2308,2006-04-27,,,328
2309,2006-04-28,,,328
2310,2006-04-29,2.6,1.98,328
2311,2006-04-30,,,328
2312,2006-05-01,,,328
2313,2006-05-02,3.73,5.67,328
2314,2006-05-03,,,328
2315,2006-05-04,,,328
2316,2006-05-05,1.48,0.686,328
2317,2006-05-06,,,328
2318,2006-05-07,,,328
2319,2006-05-08,4.55,2.21,328
2320,2006-05-09,,,328
2321,2006-05-10,,,328
2322,2006-05-11,1.26,1.32,328
2323,2006-05-12,,,328
2324,2006-05-13,,,328
2325,2006-05-14,2.41,1.45,328
2326,2006-05-15,,,328
2327,2006-05-16,,,328
2328,2006-05-17,,,328
2329,2006-05-18,,,328
2330,2006-05-19,,,328
2331,2006-05-20,,,328
2332,2006-05-21,,,328
2333,2006-05-22,,,328
2334,2006-05-23,,,328
2335,2006-05-24,,,328
2336,2006-05-25,,,328
2337,2006-05-26,8.2,5.99,328
2338,2006-05-27,,,328
2339,2006-05-28,,,328
2340,2006-05-29,4.81,0.867,328
2341,2006-05-30,,,328
2342,2006-05-31,,,328
2343,2006-06-01,1.36,0.382,328
2344,2006-06-02,,,328
2345,2006-06-03,,,328
2346,2006-06-04,0.689,0.229,328
2347,2006-06-05,,,328
2348,2006-06-06,,,328
2349,2006-06-07,4.29,1.7,328
2350,2006-06-08,,,328
2351,2006-06-09,,,328
2352,2006-06-10,0.406,0.12,328
2353,2006-06-11,,,328
2354,2006-06-12,,,328
2355,2006-06-13,0.607,0.287,328
2356,2006-06-14,,,328
2357,2006-06-15,,,328
2358,2006-06-16,9.94,0.934,328
2359,2006-06-17,,,328
2360,2006-06-18,,,328
2361,2006-06-19,1.7,0.878,328
2362,2006-06-20,,,328
2363,2006-06-21,,,328
2364,2006-06-22,1.38,0.396,328
2365,2006-06-23,,,328
2366,2006-06-24,,,328
2367,2006-06-25,1.62,1.12,328
2368,2006-06-26,,,328
2369,2006-06-27,,,328
2370,2006-06-28,,,328
2371,2006-06-29,,,328
2372,2006-06-30,,,328
2373,2006-07-01,4.77,1.27,328
2374,2006-07-02,,,328
2375,2006-07-03,,,328
2376,2006-07-04,,,328
2377,2006-07-05,,,328
2378,2006-07-06,,,328
2379,2006-07-07,2.23,0.67,328
2380,2006-07-08,,,328
2381,2006-07-09,,,328
2382,2006-07-10,2.28,0.369,328
2383,2006-07-11,,,328
2384,2006-07-12,,,328
2385,2006-07-13,5.9,0.953,328
2386,2006-07-14,,,328
2387,2006-07-15,,,328
2388,2006-07-16,3.76,0.337,328
2389,2006-07-17,,,328
2390,2006-07-18,,,328
2391,2006-07-19,6.09,1.55,328
2392,2006-07-20,,,328
2393,2006-07-21,,,328
2394,2006-07-22,0.789,0.292,328
2395,2006-07-23,,,328
2396,2006-07-24,,,328
2397,2006-07-25,3.45,0.32,328
2398,2006-07-26,,,328
2399,2006-07-27,,,328
2400,2006-07-28,2.54,1.86,328
2401,2006-07-29,,,328
2402,2006-07-30,,,328
2403,2006-07-31,4.16,0.801,328
2404,2006-08-01,,,328
2405,2006-08-02,,,328
2406,2006-08-03,1.32,0.327,328
2407,2006-08-04,,,328
2408,2006-08-05,,,328
2409,2006-08-06,5.89,1.31,328
2410,2006-08-07,,,328
2411,2006-08-08,,,328
2412,2006-08-09,5.81,1.23,328
2413,2006-08-10,,,328
2414,2006-08-11,,,328
2415,2006-08-12,2.89,0.363,328
2416,2006-08-13,,,328
2417,2006-08-14,,,328
2418,2006-08-15,1.04,0.164,328
2419,2006-08-16,,,328
2420,2006-08-17,,,328
2421,2006-08-18,10.4,2.96,328
2422,2006-08-19,,,328
2423,2006-08-20,,,328
2424,2006-08-21,,,328
2425,2006-08-22,,,328
2426,2006-08-23,,,328
2427,2006-08-24,4.48,1.41,328
2428,2006-08-25,,,328
2429,2006-08-26,,,328
2430,2006-08-27,6.55,1.0,328
2431,2006-08-28,,,328
2432,2006-08-29,,,328
2433,2006-08-30,2.12,0.109,328
2434,2006-08-31,,,328
2435,2006-09-01,,,328
2436,2006-09-02,2.29,0.623,328
2437,2006-09-03,,,328
2438,2006-09-04,,,328
2439,2006-09-05,2.77,1.58,328
2440,2006-09-06,,,328
2441,2006-09-07,,,328
2442,2006-09-08,2.71,0.655,328
2443,2006-09-09,,,328
2444,2006-09-10,,,328
2445,2006-09-11,2.21,1.23,328
2446,2006-09-12,,,328
2447,2006-09-13,,,328
2448,2006-09-14,3.98,1.2,328
2449,2006-09-15,,,328
2450,2006-09-16,,,328
2451,2006-09-17,5.73,0.642,328
2452,2006-09-18,,,328
2453,2006-09-19,,,328
2454,2006-09-20,0.507,0.373,328
2455,2006-09-21,,,328
2456,2006-09-22,,,328
2457,2006-09-23,2.55,3.59,328
2458,2006-09-24,,,328
2459,2006-09-25,,,328
2460,2006-09-26,0.967,0.59,328
2461,2006-09-27,,,328
2462,2006-09-28,,,328
2463,2006-09-29,0.994,0.769,328
2464,2006-09-30,,,328
2465,2006-10-01,,,328
2466,2006-10-02,2.34,0.538,328
2467,2006-10-03,,,328
2468,2006-10-04,,,328
2469,2006-10-05,0.439,0.117,328
2470,2006-10-06,,,328
2471,2006-10-07,,,328
2472,2006-10-08,5.25,1.34,328
2473,2006-10-09,,,328
2474,2006-10-10,,,328
2475,2006-10-11,0.628,0.999,328
2476,2006-10-12,,,328
2477,2006-10-13,,,328
2478,2006-10-14,0.932,0.463,328
2479,2006-10-15,,,328
2480,2006-10-16,,,328
2481,2006-10-17,,,328
2482,2006-10-18,,,328
2483,2006-10-19,,,328
2484,2006-10-20,2.15,3.25,328
2485,2006-10-21,,,328
2486,2006-10-22,,,328
2487,2006-10-23,1.26,1.08,328
2488,2006-10-24,,,328
2489,2006-10-25,,,328
2490,2006-10-26,1.56,3.01,328
2491,2006-10-27,,,328
2492,2006-10-28,,,328
2493,2006-10-29,,,328
2494,2006-10-30,,,328
2495,2006-10-31,,,328
2496,2006-11-01,1.05,1.49,328
2497,2006-11-02,,,328
2498,2006-11-03,,,328
2499,2006-11-04,1.6,5.0,328
2500,2006-11-05,,,328
2501,2006-11-06,,,328
2502,2006-11-07,6.7,9.19,328
2503,2006-11-08,,,328
2504,2006-11-09,,,328
2505,2006-11-10,0.447,0.101,328
2506,2006-11-11,,,328
2507,2006-11-12,,,328
2508,2006-11-13,3.95,5.52,328
2509,2006-11-14,,,328
2510,2006-11-15,,,328
2511,2006-11-16,2.35,0.834,328
2512,2006-11-17,,,328
2513,2006-11-18,,,328
2514,2006-11-19,1.41,0.637,328
2515,2006-11-20,,,328
2516,2006-11-21,,,328
2517,2006-11-22,2.94,6.91,328
2518,2006-11-23,,,328
2519,2006-11-24,,,328
2520,2006-11-25,4.21,13.8,328
2521,2006-11-26,,,328
2522,2006-11-27,,,328
2523,2006-11-28,,,328
2524,2006-11-29,,,328
2525,2006-11-30,,,328
2526,2006-12-01,0.988,0.676,328
2527,2006-12-02,,,328
2528,2006-12-03,,,328
2529,2006-12-04,,,328
2530,2006-12-05,1.76,4.57,328
2531,2006-12-06,,,328
2532,2006-12-07,0.897,0.577,328
2533,2006-12-08,,,328
2534,2006-12-09,,,328
2535,2006-12-10,1.12,3.62,328
2536,2006-12-11,,,328
2537,2006-12-12,,,328
2538,2006-12-13,3.1,6.4,328
2539,2006-12-14,,,328
2540,2006-12-15,,,328
2541,2006-12-16,4.76,6.74,328
2542,2006-12-17,,,328
2543,2006-12-18,,,328
2544,2006-12-19,,,328
2545,2006-12-20,,,328
2546,2006-12-21,,,328
2547,2006-12-22,1.32,1.01,328
2548,2006-12-23,,,328
2549,2006-12-24,,,328
2550,2006-12-25,3.27,7.45,328
2551,2006-12-26,,,328
2552,2006-12-27,,,328
2553,2006-12-28,2.67,6.15,328
2554,2006-12-29,,,328
2555,2006-12-30,,,328
2556,2006-12-31,3.69,5.11,328
2557,2007-01-01,,,328
2558,2007-01-02,,,328
2559,2007-01-03,0.861,3.86,328
2560,2007-01-04,,,328
2561,2007-01-05,,,328
2562,2007-01-06,2.66,4.9,328
2563,2007-01-07,,,328
2564,2007-01-08,,,328
2565,2007-01-09,,,328
2566,2007-01-10,,,328
2567,2007-01-11,,,328
2568,2007-01-12,1.93,5.24,328
2569,2007-01-13,,,328
2570,2007-01-14,,,328
2571,2007-01-15,0.631,0.324,328
2572,2007-01-16,,,328
2573,2007-01-17,,,328
2574,2007-01-18,3.49,6.99,328
2575,2007-01-19,,,328
2576,2007-01-20,,,328
2577,2007-01-21,,,328
2578,2007-01-22,,,328
2579,2007-01-23,,,328
2580,2007-01-24,2.36,4.72,328
2581,2007-01-25,,,328
2582,2007-01-26,,,328
2583,2007-01-27,2.93,7.06,328
2584,2007-01-28,,,328
2585,2007-01-29,,,328
2586,2007-01-30,1.1,3.98,328
2587,2007-01-31,,,328
2588,2007-02-01,,,328
2589,2007-02-02,1.16,3.77,328
2590,2007-02-03,,,328
2591,2007-02-04,,,328
2592,2007-02-05,,,328
2593,2007-02-06,,,328
2594,2007-02-07,,,328
2595,2007-02-08,,,328
2596,2007-02-09,,,328
2597,2007-02-10,,,328
2598,2007-02-11,1.98,7.52,328
2599,2007-02-12,,,328
2600,2007-02-13,,,328
2601,2007-02-14,1.07,1.01,328
2602,2007-02-15,,,328
2603,2007-02-16,,,328
2604,2007-02-17,2.52,5.61,328
2605,2007-02-18,,,328
2606,2007-02-19,,,328
2607,2007-02-20,2.81,17.9,328
2608,2007-02-21,,,328
2609,2007-02-22,,,328
2610,2007-02-23,,,328
2611,2007-02-24,,,328
2612,2007-02-25,,,328
2613,2007-02-26,2.47,7.61,328
2614,2007-02-27,,,328
2615,2007-02-28,,,328
2616,2007-03-01,3.97,3.63,328
2617,2007-03-02,,,328
2618,2007-03-03,,,328
2619,2007-03-04,1.16,3.22,328
2620,2007-03-05,,,328
2621,2007-03-06,,,328
2622,2007-03-07,2.19,4.18,328
2623,2007-03-08,,,328
2624,2007-03-09,,,328
2625,2007-03-10,2.52,8.94,328
2626,2007-03-11,,,328
2627,2007-03-12,,,328
2628,2007-03-13,3.24,4.75,328
2629,2007-03-14,,,328
2630,2007-03-15,,,328
2631,2007-03-16,1.59,0.936,328
2632,2007-03-17,,,328
2633,2007-03-18,,,328
2634,2007-03-19,2.39,4.76,328
2635,2007-03-20,,,328
2636,2007-03-21,,,328
2637,2007-03-22,1.29,1.43,328
2638,2007-03-23,,,328
2639,2007-03-24,,,328
2640,2007-03-25,3.11,3.59,328
2641,2007-03-26,,,328
2642,2007-03-27,,,328
2643,2007-03-28,1.05,0.325,328
2644,2007-03-29,,,328
2645,2007-03-30,,,328
2646,2007-03-31,1.96,5.92,328
2647,2007-04-01,,,328
2648,2007-04-02,,,328
2649,2007-04-03,2.21,5.5,328
2650,2007-04-04,,,328
2651,2007-04-05,,,328
2652,2007-04-06,0.924,0.428,328
2653,2007-04-07,,,328
2654,2007-04-08,,,328
2655,2007-04-09,2.31,4.49,328
2656,2007-04-10,,,328
2657,2007-04-11,,,328
2658,2007-04-12,,0.994,328
2659,2007-04-13,,,328
2660,2007-04-14,,,328
2661,2007-04-15,1.89,2.88,328
2662,2007-04-16,,,328
2663,2007-04-17,,,328
2664,2007-04-18,1.48,0.488,328
2665,2007-04-19,,,328
2666,2007-04-20,,,328
2667,2007-04-21,3.12,5.89,328
2668,2007-04-22,,,328
2669,2007-04-23,,,328
2670,2007-04-24,,,328
2671,2007-04-25,,,328
2672,2007-04-26,,,328
2673,2007-04-27,1.32,1.87,328
2674,2007-04-28,,,328
2675,2007-04-29,,,328
2676,2007-04-30,1.36,0.252,328
2677,2007-05-01,,,328
2678,2007-05-02,,,328
2679,2007-05-03,1.59,0.963,328
2680,2007-05-04,,,328
2681,2007-05-05,,,328
2682,2007-05-06,,,328
2683,2007-05-07,,,328
2684,2007-05-08,,,328
2685,2007-05-09,4.22,4.05,328
2686,2007-05-10,,,328
2687,2007-05-11,,,328
2688,2007-05-12,0.516,0.0986,328
2689,2007-05-13,,,328
2690,2007-05-14,,,328
2691,2007-05-15,3.0,1.39,328
2692,2007-05-16,,,328
2693,2007-05-17,,,328
2694,2007-05-18,1.0,1.35,328
2695,2007-05-19,,,328
2696,2007-05-20,,,328
2697,2007-05-21,2.78,5.21,328
2698,2007-05-22,,,328
2699,2007-05-23,,,328
2700,2007-05-24,,,328
2701,2007-05-25,,,328
2702,2007-05-26,,,328
2703,2007-05-27,1.17,0.822,328
2704,2007-05-28,,,328
2705,2007-05-29,,,328
2706,2007-05-30,14.6,4.24,328
2707,2007-05-31,,,328
2708,2007-06-01,,,328
2709,2007-06-02,3.17,5.32,328
2710,2007-06-03,,,328
2711,2007-06-04,,,328
2712,2007-06-05,0.486,0.195,328
2713,2007-06-06,,,328
2714,2007-06-07,,,328
2715,2007-06-08,1.83,0.286,328
2716,2007-06-09,,,328
2717,2007-06-10,,,328
2718,2007-06-11,6.78,3.35,328
2719,2007-06-12,,,328
2720,2007-06-13,,,328
2721,2007-06-14,3.21,0.649,328
2722,2007-06-15,,,328
2723,2007-06-16,,,328
2724,2007-06-17,10.5,2.11,328
2725,2007-06-18,,,328
2726,2007-06-19,,,328
2727,2007-06-20,1.46,0.312,328
2728,2007-06-21,,,328
2729,2007-06-22,,,328
2730,2007-06-23,2.61,2.18,328
2731,2007-06-24,,,328
2732,2007-06-25,,,328
2733,2007-06-26,11.0,2.86,328
2734,2007-06-27,,,328
2735,2007-06-28,,,328
2736,2007-06-29,,,328
2737,2007-06-30,,,328
2738,2007-07-01,,,328
2739,2007-07-02,2.75,0.301,328
2740,2007-07-03,,,328
2741,2007-07-04,,,328
2742,2007-07-05,1.83,0.724,328
2743,2007-07-06,,,328
2744,2007-07-07,,,328
2745,2007-07-08,3.79,0.32,328
2746,2007-07-09,,,328
2747,2007-07-10,,,328
2748,2007-07-11,0.6,0.107,328
2749,2007-07-12,,,328
2750,2007-07-13,,,328
2751,2007-07-14,1.03,0.337,328
2752,2007-07-15,,,328
2753,2007-07-16,,,328
2754,2007-07-17,4.65,4.73,328
2755,2007-07-18,,,328
2756,2007-07-19,,,328
2757,2007-07-20,,,328
2758,2007-07-21,,,328
2759,2007-07-22,,,328
2760,2007-07-23,5.43,1.29,328
2761,2007-07-24,,,328
2762,2007-07-25,,,328
2763,2007-07-26,11.9,2.19,328
2764,2007-07-27,,,328
2765,2007-07-28,,,328
2766,2007-07-29,0.965,0.244,328
2767,2007-07-30,,,328
2768,2007-07-31,,,328
2769,2007-08-01,5.13,0.889,328
2770,2007-08-02,,,328
2771,2007-08-03,,,328
2772,2007-08-04,1.17,0.395,328
2773,2007-08-05,,,328
2774,2007-08-06,,,328
2775,2007-08-07,2.32,1.38,328
2776,2007-08-08,,,328
2777,2007-08-09,,,328
2778,2007-08-10,4.97,2.25,328
2779,2007-08-11,,,328
2780,2007-08-12,,,328
2781,2007-08-13,0.356,0.0921,328
2782,2007-08-14,,,328
2783,2007-08-15,,,328
2784,2007-08-16,,,328
2785,2007-08-17,,,328
2786,2007-08-18,,,328
2787,2007-08-19,3.84,0.56,328
2788,2007-08-20,,,328
2789,2007-08-21,,,328
2790,2007-08-22,1.87,0.834,328
2791,2007-08-23,,,328
2792,2007-08-24,,,328
2793,2007-08-25,1.31,0.565,328
2794,2007-08-26,,,328
2795,2007-08-27,,,328
2796,2007-08-28,6.04,0.838,328
2797,2007-08-29,,,328
2798,2007-08-30,,,328
2799,2007-08-31,,0.365,328
2800,2007-09-01,,,328
2801,2007-09-02,,,328
2802,2007-09-03,5.21,0.874,328
2803,2007-09-04,,,328
2804,2007-09-05,,,328
2805,2007-09-06,4.72,0.515,328
2806,2007-09-07,,,328
2807,2007-09-08,,,328
2808,2007-09-09,1.15,0.375,328
2809,2007-09-10,,,328
2810,2007-09-11,,,328
2811,2007-09-12,0.796,0.557,328
2812,2007-09-13,,,328
2813,2007-09-14,,,328
2814,2007-09-15,,,328
2815,2007-09-16,,,328
2816,2007-09-17,,,328
2817,2007-09-18,7.42,1.2,328
2818,2007-09-19,,,328
2819,2007-09-20,,,328
2820,2007-09-21,8.29,2.28,328
2821,2007-09-22,,,328
2822,2007-09-23,,,328
2823,2007-09-24,6.23,1.16,328
2824,2007-09-25,,,328
2825,2007-09-26,,,328
2826,2007-09-27,1.79,3.91,328
2827,2007-09-28,,,328
2828,2007-09-29,,,328
2829,2007-09-30,5.28,0.761,328
2830,2007-10-01,,,328
2831,2007-10-02,,,328
2832,2007-10-03,0.81,0.521,328
2833,2007-10-04,,,328
2834,2007-10-05,,,328
2835,2007-10-06,5.95,1.26,328
2836,2007-10-07,,,328
2837,2007-10-08,,,328
2838,2007-10-09,0.773,0.249,328
2839,2007-10-10,,,328
2840,2007-10-11,,,328
2841,2007-10-12,0.711,1.1,328
2842,2007-10-13,,,328
2843,2007-10-14,,,328
2844,2007-10-15,,,328
2845,2007-10-16,,,328
2846,2007-10-17,,,328
2847,2007-10-18,3.0,1.06,328
2848,2007-10-19,,,328
2849,2007-10-20,,,328
2850,2007-10-21,1.76,0.332,328
2851,2007-10-22,,,328
2852,2007-10-23,,,328
2853,2007-10-24,0.502,0.206,328
2854,2007-10-25,,,328
2855,2007-10-26,,,328
2856,2007-10-27,2.16,2.59,328
2857,2007-10-28,,,328
2858,2007-10-29,,,328
2859,2007-10-30,2.43,2.28,328
2860,2007-10-31,,,328
2861,2007-11-01,,,328
2862,2007-11-02,0.72,3.46,328
2863,2007-11-03,,,328
2864,2007-11-04,,,328
2865,2007-11-05,0.754,0.5,328
2866,2007-11-06,,,328
2867,2007-11-07,,,328
2868,2007-11-08,,,328
2869,2007-11-09,,,328
2870,2007-11-10,,,328
2871,2007-11-11,4.34,9.47,328
2872,2007-11-12,,,328
2873,2007-11-13,,,328
2874,2007-11-14,1.15,1.89,328
2875,2007-11-15,,,328
2876,2007-11-16,,,328
2877,2007-11-17,1.76,4.79,328
2878,2007-11-18,,,328
2879,2007-11-19,,,328
2880,2007-11-20,7.01,10.3,328
2881,2007-11-21,,,328
2882,2007-11-22,,,328
2883,2007-11-23,1.09,1.74,328
2884,2007-11-24,,,328
2885,2007-11-25,,,328
2886,2007-11-26,4.57,5.65,328
2887,2007-11-27,,,328
2888,2007-11-28,,,328
2889,2007-11-29,1.48,2.45,328
2890,2007-11-30,,,328
2891,2007-12-01,,,328
2892,2007-12-02,2.01,6.08,328
2893,2007-12-03,,,328
2894,2007-12-04,,,328
2895,2007-12-05,,,328
2896,2007-12-06,,,328
2897,2007-12-07,,,328
2898,2007-12-08,1.94,7.99,328
2899,2007-12-09,,,328
2900,2007-12-10,,,328
2901,2007-12-11,,,328
2902,2007-12-12,,,328
2903,2007-12-13,,,328
2904,2007-12-14,1.49,2.35,328
2905,2007-12-15,,,328
2906,2007-12-16,,,328
2907,2007-12-17,4.18,9.44,328
2908,2007-12-18,,,328
2909,2007-12-19,,,328
2910,2007-12-20,,,328
2911,2007-12-21,,,328
2912,2007-12-22,,,328
2913,2007-12-23,2.11,1.65,328
2914,2007-12-24,,,328
2915,2007-12-25,,,328
2916,2007-12-26,1.58,6.58,328
2917,2007-12-27,,,328
2918,2007-12-28,,,328
2919,2007-12-29,2.87,5.38,328
2920,2007-12-30,,,328
2921,2007-12-31,,,328
2922,2008-01-01,3.09,4.81,328
2923,2008-01-02,,,328
2924,2008-01-03,,,328
2925,2008-01-04,,,328
2926,2008-01-05,,,328
2927,2008-01-06,,,328
2928,2008-01-07,3.38,3.37,328
2929,2008-01-08,,,328
2930,2008-01-09,,,328
2931,2008-01-10,1.42,6.81,328
2932,2008-01-11,,,328
2933,2008-01-12,,,328
2934,2008-01-13,3.05,7.87,328
2935,2008-01-14,,,328
2936,2008-01-15,,,328
2937,2008-01-16,2.25,5.21,328
2938,2008-01-17,,,328
2939,2008-01-18,,,328
2940,2008-01-19,,,328
2941,2008-01-20,,,328
2942,2008-01-21,,,328
2943,2008-01-22,1.18,3.92,328
2944,2008-01-23,,,328
2945,2008-01-24,,,328
2946,2008-01-25,1.49,5.25,328
2947,2008-01-26,,,328
2948,2008-01-27,,,328
2949,2008-01-28,1.57,5.19,328
2950,2008-01-29,,,328
2951,2008-01-30,,,328
2952,2008-01-31,,,328
2953,2008-02-01,,,328
2954,2008-02-02,,,328
2955,2008-02-03,7.14,5.2,328
2956,2008-02-04,,,328
2957,2008-02-05,,,328
2958,2008-02-06,1.96,0.252,328
2959,2008-02-07,,,328
2960,2008-02-08,,,328
2961,2008-02-09,,,328
2962,2008-02-10,,,328
2963,2008-02-11,,,328
2964,2008-02-12,2.49,2.5,328
2965,2008-02-13,,,328
2966,2008-02-14,,,328
2967,2008-02-15,1.38,2.44,328
2968,2008-02-16,,,328
2969,2008-02-17,,,328
2970,2008-02-18,2.3,1.57,328
2971,2008-02-19,,,328
2972,2008-02-20,,,328
2973,2008-02-21,,,328
2974,2008-02-22,,,328
2975,2008-02-23,,,328
2976,2008-02-24,6.09,16.0,328
2977,2008-02-25,,,328
2978,2008-02-26,,,328
2979,2008-02-27,1.4,0.892,328
2980,2008-02-28,,,328
2981,2008-02-29,,,328
2982,2008-03-01,2.45,2.75,328
2983,2008-03-02,,,328
2984,2008-03-03,,,328
2985,2008-03-04,,,328
2986,2008-03-05,,,328
2987,2008-03-06,,,328
2988,2008-03-07,,,328
2989,2008-03-08,,,328
2990,2008-03-09,,,328
2991,2008-03-10,3.27,7.11,328
2992,2008-03-11,,,328
2993,2008-03-12,,,328
2994,2008-03-13,2.65,8.85,328
2995,2008-03-14,,,328
2996,2008-03-15,,,328
2997,2008-03-16,1.61,0.402,328
2998,2008-03-17,,,328
2999,2008-03-18,,,328
3000,2008-03-19,2.89,3.08,328
3001,2008-03-20,,,328
3002,2008-03-21,,,328
3003,2008-03-22,0.564,0.482,328
3004,2008-03-23,,,328
3005,2008-03-24,,,328
3006,2008-03-25,2.58,2.47,328
3007,2008-03-26,,,328
3008,2008-03-27,,,328
3009,2008-03-28,0.854,0.748,328
3010,2008-03-29,,,328
3011,2008-03-30,,,328
3012,2008-03-31,2.84,3.43,328
3013,2008-04-01,,,328
3014,2008-04-02,,,328
3015,2008-04-03,2.02,3.54,328
3016,2008-04-04,,,328
3017,2008-04-05,,,328
3018,2008-04-06,6.14,6.09,328
3019,2008-04-07,,,328
3020,2008-04-08,,,328
3021,2008-04-09,1.61,0.936,328
3022,2008-04-10,,,328
3023,2008-04-11,,,328
3024,2008-04-12,0.769,0.686,328
3025,2008-04-13,,,328
3026,2008-04-14,,,328
3027,2008-04-15,2.39,1.09,328
3028,2008-04-16,,,328
3029,2008-04-17,,,328
3030,2008-04-18,2.15,2.12,328
3031,2008-04-19,,,328
3032,2008-04-20,,,328
3033,2008-04-21,6.7,6.43,328
3034,2008-04-22,,,328
3035,2008-04-23,,,328
3036,2008-04-24,2.83,2.52,328
3037,2008-04-25,,,328
3038,2008-04-26,,,328
3039,2008-04-27,1.3,1.5,328
3040,2008-04-28,,,328
3041,2008-04-29,,,328
3042,2008-04-30,3.35,1.87,328
3043,2008-05-01,,,328
3044,2008-05-02,,,328
3045,2008-05-03,1.11,0.571,328
3046,2008-05-04,,,328
3047,2008-05-05,,,328
3048,2008-05-06,3.01,7.89,328
3049,2008-05-07,,,328
3050,2008-05-08,,,328
3051,2008-05-09,1.58,1.0,328
3052,2008-05-10,,,328
3053,2008-05-11,,,328
3054,2008-05-12,1.73,0.565,328
3055,2008-05-13,,,328
3056,2008-05-14,,,328
3057,2008-05-15,1.11,0.592,328
3058,2008-05-16,,,328
3059,2008-05-17,,,328
3060,2008-05-18,,,328
3061,2008-05-19,,,328
3062,2008-05-20,,,328
3063,2008-05-21,,,328
3064,2008-05-22,,,328
3065,2008-05-23,,,328
3066,2008-05-24,0.975,0.709,328
3067,2008-05-25,,,328
3068,2008-05-26,,,328
3069,2008-05-27,,,328
3070,2008-05-28,,,328
3071,2008-05-29,,,328
3072,2008-05-30,3.17,2.4,328
3073,2008-05-31,,,328
3074,2008-06-01,,,328
3075,2008-06-02,2.79,3.0,328
3076,2008-06-03,,,328
3077,2008-06-04,,,328
3078,2008-06-05,2.19,2.12,328
3079,2008-06-06,,,328
3080,2008-06-07,,,328
3081,2008-06-08,,,328
3082,2008-06-09,,,328
3083,2008-06-10,,,328
3084,2008-06-11,1.14,1.28,328
3085,2008-06-12,,,328
3086,2008-06-13,,,328
3087,2008-06-14,0.839,0.207,328
3088,2008-06-15,,,328
3089,2008-06-16,,,328
3090,2008-06-17,0.667,0.122,328
3091,2008-06-18,,,328
3092,2008-06-19,,,328
3093,2008-06-20,1.61,0.636,328
3094,2008-06-21,,,328
3095,2008-06-22,,,328
3096,2008-06-23,,,328
3097,2008-06-24,,,328
3098,2008-06-25,,,328
3099,2008-06-26,2.67,0.903,328
3100,2008-06-27,,,328
3101,2008-06-28,,,328
3102,2008-06-29,0.766,0.241,328
3103,2008-06-30,,,328
3104,2008-07-01,,,328
3105,2008-07-02,2.14,0.716,328
3106,2008-07-03,,,328
3107,2008-07-04,,,328
3108,2008-07-05,2.93,1.92,328
3109,2008-07-06,,,328
3110,2008-07-07,,,328
3111,2008-07-08,1.63,0.34,328
3112,2008-07-09,,,328
3113,2008-07-10,,,328
3114,2008-07-11,1.71,0.553,328
3115,2008-07-12,,,328
3116,2008-07-13,,,328
3117,2008-07-14,1.31,0.326,328
3118,2008-07-15,,,328
3119,2008-07-16,,,328
3120,2008-07-17,4.97,0.539,328
3121,2008-07-18,,,328
3122,2008-07-19,,,328
3123,2008-07-20,3.29,1.39,328
3124,2008-07-21,,,328
3125,2008-07-22,,,328
3126,2008-07-23,,0.199,328
3127,2008-07-24,,,328
3128,2008-07-25,,,328
3129,2008-07-26,1.82,0.361,328
3130,2008-07-27,,,328
3131,2008-07-28,,,328
3132,2008-07-29,4.09,0.364,328
3133,2008-07-30,,,328
3134,2008-07-31,,,328
3135,2008-08-01,1.66,0.729,328
3136,2008-08-02,,,328
3137,2008-08-03,,,328
3138,2008-08-04,1.96,0.746,328
3139,2008-08-05,,,328
3140,2008-08-06,,,328
3141,2008-08-07,0.587,0.133,328
3142,2008-08-08,,,328
3143,2008-08-09,,,328
3144,2008-08-10,,,328
3145,2008-08-11,,,328
3146,2008-08-12,,,328
3147,2008-08-13,3.89,2.02,328
3148,2008-08-14,,,328
3149,2008-08-15,,,328
3150,2008-08-16,1.67,0.323,328
3151,2008-08-17,,,328
3152,2008-08-18,,,328
3153,2008-08-19,2.14,0.214,328
3154,2008-08-20,,,328
3155,2008-08-21,,,328
3156,2008-08-22,7.69,1.85,328
3157,2008-08-23,,,328
3158,2008-08-24,,,328
3159,2008-08-25,,,328
3160,2008-08-26,,,328
3161,2008-08-27,,,328
3162,2008-08-28,6.69,2.36,328
3163,2008-08-29,,,328
3164,2008-08-30,,,328
3165,2008-08-31,3.52,0.685,328
3166,2008-09-01,,,328
3167,2008-09-02,,,328
3168,2008-09-03,,,328
3169,2008-09-04,,,328
3170,2008-09-05,,,328
3171,2008-09-06,,,328
3172,2008-09-07,,,328
3173,2008-09-08,,,328
3174,2008-09-09,1.04,0.441,328
3175,2008-09-10,,,328
3176,2008-09-11,,,328
3177,2008-09-12,7.51,1.73,328
3178,2008-09-13,,,328
3179,2008-09-14,,,328
3180,2008-09-15,,,328
3181,2008-09-16,,,328
3182,2008-09-17,,,328
3183,2008-09-18,,0.125,328
3184,2008-09-19,,,328
3185,2008-09-20,,,328
3186,2008-09-21,,,328
3187,2008-09-22,,,328
3188,2008-09-23,,,328
3189,2008-09-24,9.18,2.59,328
3190,2008-09-25,,,328
3191,2008-09-26,,,328
3192,2008-09-27,6.47,2.07,328
3193,2008-09-28,,,328
3194,2008-09-29,,,328
3195,2008-09-30,0.963,0.245,328
3196,2008-10-01,,,328
3197,2008-10-02,,,328
3198,2008-10-03,,,328
3199,2008-10-04,,,328
3200,2008-10-05,,,328
3201,2008-10-06,2.54,1.43,328
3202,2008-10-07,,,328
3203,2008-10-08,,,328
3204,2008-10-09,,,328
3205,2008-10-10,,,328
3206,2008-10-11,,,328
3207,2008-10-12,6.25,4.22,328
3208,2008-10-13,,,328
3209,2008-10-14,,,328
3210,2008-10-15,1.26,1.13,328
3211,2008-10-16,,,328
3212,2008-10-17,,,328
3213,2008-10-18,1.1,0.801,328
3214,2008-10-19,,,328
3215,2008-10-20,,,328
3216,2008-10-21,0.757,0.274,328
3217,2008-10-22,,,328
3218,2008-10-23,,,328
3219,2008-10-24,2.23,2.72,328
3220,2008-10-25,,,328
3221,2008-10-26,,,328
3222,2008-10-27,0.506,0.135,328
3223,2008-10-28,,,328
3224,2008-10-29,,,328
3225,2008-10-30,2.0,3.65,328
3226,2008-10-31,,,328
3227,2008-11-01,,,328
3228,2008-11-02,2.6,4.49,328
3229,2008-11-03,,,328
3230,2008-11-04,,,328
3231,2008-11-05,4.62,2.7,328
3232,2008-11-06,,,328
3233,2008-11-07,,,328
3234,2008-11-08,0.621,0.574,328
3235,2008-11-09,,,328
3236,2008-11-10,,,328
3237,2008-11-11,2.1,5.22,328
3238,2008-11-12,,,328
3239,2008-11-13,,,328
3240,2008-11-14,1.71,2.15,328
3241,2008-11-15,,,328
3242,2008-11-16,,,328
3243,2008-11-17,0.746,0.3,328
3244,2008-11-18,,,328
3245,2008-11-19,,,328
3246,2008-11-20,0.656,0.281,328
3247,2008-11-21,,,328
3248,2008-11-22,,,328
3249,2008-11-23,1.87,6.64,328
3250,2008-11-24,,,328
3251,2008-11-25,,,328
3252,2008-11-26,1.37,3.01,328
3253,2008-11-27,,,328
3254,2008-11-28,,,328
3255,2008-11-29,0.635,3.68,328
3256,2008-11-30,,,328
3257,2008-12-01,,,328
3258,2008-12-02,1.88,3.57,328
3259,2008-12-03,,,328
3260,2008-12-04,,,328
3261,2008-12-05,,,328
3262,2008-12-06,,,328
3263,2008-12-07,,,328
3264,2008-12-08,2.02,5.97,328
3265,2008-12-09,,,328
3266,2008-12-10,,,328
3267,2008-12-11,,,328
3268,2008-12-12,,,328
3269,2008-12-13,,,328
3270,2008-12-14,,,328
3271,2008-12-15,,,328
3272,2008-12-16,,,328
3273,2008-12-17,1.83,6.7,328
3274,2008-12-18,,,328
3275,2008-12-19,,,328
3276,2008-12-20,2.23,1.47,328
3277,2008-12-21,,,328
3278,2008-12-22,,,328
3279,2008-12-23,2.35,4.0,328
3280,2008-12-24,,,328
3281,2008-12-25,,,328
3282,2008-12-26,3.11,4.21,328
3283,2008-12-27,,,328
3284,2008-12-28,,,328
3285,2008-12-29,0.982,2.57,328
3286,2008-12-30,,,328
3287,2008-12-31,,,328
3288,2009-01-01,1.57,2.96,328
3289,2009-01-02,,,328
3290,2009-01-03,,,328
3291,2009-01-04,2.14,4.28,328
3292,2009-01-05,,,328
3293,2009-01-06,,,328
3294,2009-01-07,2.78,10.1,328
3295,2009-01-08,,,328
3296,2009-01-09,,,328
3297,2009-01-10,0.981,1.29,328
3298,2009-01-11,,,328
3299,2009-01-12,,,328
3300,2009-01-13,1.28,2.3,328
3301,2009-01-14,,,328
3302,2009-01-15,,,328
3303,2009-01-16,1.29,2.34,328
3304,2009-01-17,,,328
3305,2009-01-18,,,328
3306,2009-01-19,2.38,3.89,328
3307,2009-01-20,,,328
3308,2009-01-21,,,328
3309,2009-01-22,,,328
3310,2009-01-23,,,328
3311,2009-01-24,,,328
3312,2009-01-25,,,328
3313,2009-01-26,,,328
3314,2009-01-27,,,328
3315,2009-01-28,2.18,9.12,328
3316,2009-01-29,,,328
3317,2009-01-30,,,328
3318,2009-01-31,1.5,6.04,328
3319,2009-02-01,,,328
3320,2009-02-02,,,328
3321,2009-02-03,0.832,0.609,328
3322,2009-02-04,,,328
3323,2009-02-05,,,328
3324,2009-02-06,2.84,13.3,328
3325,2009-02-07,,,328
3326,2009-02-08,,,328
3327,2009-02-09,4.55,14.8,328
3328,2009-02-10,,,328
3329,2009-02-11,,,328
3330,2009-02-12,,,328
3331,2009-02-13,,,328
3332,2009-02-14,,,328
3333,2009-02-15,1.8,1.43,328
3334,2009-02-16,,,328
3335,2009-02-17,,,328
3336,2009-02-18,2.05,4.08,328
3337,2009-02-19,,,328
3338,2009-02-20,,,328
3339,2009-02-21,1.59,2.98,328
3340,2009-02-22,,,328
3341,2009-02-23,,,328
3342,2009-02-24,,,328
3343,2009-02-25,,,328
3344,2009-02-26,,,328
3345,2009-02-27,1.08,0.65,328
3346,2009-02-28,,,328
3347,2009-03-01,,,328
3348,2009-03-02,1.01,0.52,328
3349,2009-03-03,,,328
3350,2009-03-04,,,328
3351,2009-03-05,3.76,4.81,328
3352,2009-03-06,,,328
3353,2009-03-07,,,328
3354,2009-03-08,2.45,4.39,328
3355,2009-03-09,,,328
3356,2009-03-10,,,328
3357,2009-03-11,,,328
3358,2009-03-12,,,328
3359,2009-03-13,,,328
3360,2009-03-14,1.93,8.35,328
3361,2009-03-15,,,328
3362,2009-03-16,,,328
3363,2009-03-17,3.14,3.21,328
3364,2009-03-18,,,328
3365,2009-03-19,,,328
3366,2009-03-20,1.2,1.11,328
3367,2009-03-21,,,328
3368,2009-03-22,,,328
3369,2009-03-23,,,328
3370,2009-03-24,,,328
3371,2009-03-25,,,328
3372,2009-03-26,2.11,3.05,328
3373,2009-03-27,,,328
3374,2009-03-28,,,328
3375,2009-03-29,,,328
3376,2009-03-30,,,328
3377,2009-03-31,,,328
3378,2009-04-01,,,328
3379,2009-04-02,,,328
3380,2009-04-03,,,328
3381,2009-04-04,0.995,0.481,328
3382,2009-04-05,,,328
3383,2009-04-06,,,328
3384,2009-04-07,,,328
3385,2009-04-08,,,328
3386,2009-04-09,,,328
3387,2009-04-10,1.54,0.201,328
3388,2009-04-11,,,328
3389,2009-04-12,,,328
3390,2009-04-13,,,328
3391,2009-04-14,,,328
3392,2009-04-15,,,328
3393,2009-04-16,1.79,0.784,328
3394,2009-04-17,,,328
3395,2009-04-18,,,328
3396,2009-04-19,,,328
3397,2009-04-20,,,328
3398,2009-04-21,,,328
3399,2009-04-22,1.27,0.502,328
3400,2009-04-23,,,328
3401,2009-04-24,,,328
3402,2009-04-25,1.54,0.675,328
3403,2009-04-26,,,328
3404,2009-04-27,,,328
3405,2009-04-28,,,328
3406,2009-04-29,,,328
3407,2009-04-30,,,328
3408,2009-05-01,,,328
3409,2009-05-02,,,328
3410,2009-05-03,,,328
3411,2009-05-04,2.75,4.21,328
3412,2009-05-05,,,328
3413,2009-05-06,,,328
3414,2009-05-07,1.7,1.34,328
3415,2009-05-08,,,328
3416,2009-05-09,,,328
3417,2009-05-10,0.924,0.974,328
3418,2009-05-11,,,328
3419,2009-05-12,,,328
3420,2009-05-13,2.69,2.18,328
3421,2009-05-14,,,328
3422,2009-05-15,,,328
3423,2009-05-16,1.14,1.48,328
3424,2009-05-17,,,328
3425,2009-05-18,,,328
3426,2009-05-19,2.17,0.311,328
3427,2009-05-20,,,328
3428,2009-05-21,,,328
3429,2009-05-22,0.833,0.41,328
3430,2009-05-23,,,328
3431,2009-05-24,,,328
3432,2009-05-25,1.26,0.197,328
3433,2009-05-26,,,328
3434,2009-05-27,,,328
3435,2009-05-28,0.553,0.455,328
3436,2009-05-29,,,328
3437,2009-05-30,,,328
3438,2009-05-31,0.981,0.46,328
3439,2009-06-01,,,328
3440,2009-06-02,,,328
3441,2009-06-03,0.566,0.282,328
3442,2009-06-04,,,328
3443,2009-06-05,,,328
3444,2009-06-06,0.481,0.183,328
3445,2009-06-07,,,328
3446,2009-06-08,,,328
3447,2009-06-09,0.509,0.5,328
3448,2009-06-10,,,328
3449,2009-06-11,,,328
3450,2009-06-12,1.51,1.14,328
3451,2009-06-13,,,328
3452,2009-06-14,,,328
3453,2009-06-15,,,328
3454,2009-06-16,,,328
3455,2009-06-17,,,328
3456,2009-06-18,,,328
3457,2009-06-19,,,328
3458,2009-06-20,,,328
3459,2009-06-21,2.11,0.873,328
3460,2009-06-22,,,328
3461,2009-06-23,,,328
3462,2009-06-24,2.57,0.556,328
3463,2009-06-25,,,328
3464,2009-06-26,,,328
3465,2009-06-27,1.54,0.517,328
3466,2009-06-28,,,328
3467,2009-06-29,,,328
3468,2009-06-30,0.813,0.163,328
3469,2009-07-01,,,328
3470,2009-07-02,,,328
3471,2009-07-03,1.37,0.465,328
3472,2009-07-04,,,328
3473,2009-07-05,,,328
3474,2009-07-06,0.766,0.234,328
3475,2009-07-07,,,328
3476,2009-07-08,,,328
3477,2009-07-09,1.71,0.629,328
3478,2009-07-10,,,328
3479,2009-07-11,,,328
3480,2009-07-12,0.611,0.152,328
3481,2009-07-13,,,328
3482,2009-07-14,,,328
3483,2009-07-15,2.4,0.541,328
3484,2009-07-16,,,328
3485,2009-07-17,,,328
3486,2009-07-18,0.555,0.146,328
3487,2009-07-19,,,328
3488,2009-07-20,,,328
3489,2009-07-21,,,328
3490,2009-07-22,,,328
3491,2009-07-23,,,328
3492,2009-07-24,,,328
3493,2009-07-25,,,328
3494,2009-07-26,,,328
3495,2009-07-27,,,328
3496,2009-07-28,,,328
3497,2009-07-29,,,328
3498,2009-07-30,1.22,0.427,328
3499,2009-07-31,,,328
3500,2009-08-01,,,328
3501,2009-08-02,0.883,0.157,328
3502,2009-08-03,,,328
3503,2009-08-04,,,328
3504,2009-08-05,0.537,0.225,328
3505,2009-08-06,,,328
3506,2009-08-07,,,328
3507,2009-08-08,3.91,1.58,328
3508,2009-08-09,,,328
3509,2009-08-10,,,328
3510,2009-08-11,1.29,0.252,328
3511,2009-08-12,,,328
3512,2009-08-13,,,328
3513,2009-08-14,4.05,0.54,328
3514,2009-08-15,,,328
3515,2009-08-16,,,328
3516,2009-08-17,1.83,0.742,328
3517,2009-08-18,,,328
3518,2009-08-19,,,328
3519,2009-08-20,1.39,0.453,328
3520,2009-08-21,,,328
3521,2009-08-22,,,328
3522,2009-08-23,0.529,0.202,328
3523,2009-08-24,,,328
3524,2009-08-25,,,328
3525,2009-08-26,0.703,0.532,328
3526,2009-08-27,,,328
3527,2009-08-28,,,328
3528,2009-08-29,0.516,0.165,328
3529,2009-08-30,,,328
3530,2009-08-31,,,328
3531,2009-09-01,1.25,0.583,328
3532,2009-09-02,,,328
3533,2009-09-03,,,328
3534,2009-09-04,4.88,3.44,328
3535,2009-09-05,,,328
3536,2009-09-06,,,328
3537,2009-09-07,4.93,1.91,328
3538,2009-09-08,,,328
3539,2009-09-09,,,328
3540,2009-09-10,6.04,2.89,328
3541,2009-09-11,,,328
3542,2009-09-12,,,328
3543,2009-09-13,2.99,1.06,328
3544,2009-09-14,,,328
3545,2009-09-15,,,328
3546,2009-09-16,1.08,0.0815,328
3547,2009-09-17,,,328
3548,2009-09-18,,,328
3549,2009-09-19,1.78,0.741,328
3550,2009-09-20,,,328
3551,2009-09-21,,,328
3552,2009-09-22,3.59,3.35,328
3553,2009-09-23,,,328
3554,2009-09-24,,,328
3555,2009-09-25,1.0,0.894,328
3556,2009-09-26,,,328
3557,2009-09-27,,,328
3558,2009-09-28,0.55,0.0653,328
3559,2009-09-29,,,328
3560,2009-09-30,,,328
3561,2009-10-01,1.06,0.889,328
3562,2009-10-02,,,328
3563,2009-10-03,,,328
3564,2009-10-04,1.13,0.391,328
3565,2009-10-05,,,328
3566,2009-10-06,,,328
3567,2009-10-07,0.446,0.15,328
3568,2009-10-08,,,328
3569,2009-10-09,,,328
3570,2009-10-10,0.55,0.62,328
3571,2009-10-11,,,328
3572,2009-10-12,,,328
3573,2009-10-13,1.14,0.966,328
3574,2009-10-14,,,328
3575,2009-10-15,,,328
3576,2009-10-16,,,328
3577,2009-10-17,,,328
3578,2009-10-18,,,328
3579,2009-10-19,1.82,1.05,328
3580,2009-10-20,,,328
3581,2009-10-21,,,328
3582,2009-10-22,,,328
3583,2009-10-23,,,328
3584,2009-10-24,,,328
3585,2009-10-25,1.02,1.0,328
3586,2009-10-26,,,328
3587,2009-10-27,,,328
3588,2009-10-28,2.49,3.78,328
3589,2009-10-29,,,328
3590,2009-10-30,,,328
3591,2009-10-31,0.69,1.13,328
3592,2009-11-01,,,328
3593,2009-11-02,,,328
3594,2009-11-03,0.734,0.905,328
3595,2009-11-04,,,328
3596,2009-11-05,,,328
3597,2009-11-06,2.15,3.08,328
3598,2009-11-07,,,328
3599,2009-11-08,,,328
3600,2009-11-09,1.82,0.895,328
3601,2009-11-10,,,328
3602,2009-11-11,,,328
3603,2009-11-12,0.945,3.48,328
3604,2009-11-13,,,328
3605,2009-11-14,,,328
3606,2009-11-15,0.8,0.366,328
3607,2009-11-16,,,328
3608,2009-11-17,,,328
3609,2009-11-18,2.19,4.23,328
3610,2009-11-19,,,328
3611,2009-11-20,,,328
3612,2009-11-21,3.33,12.9,328
3613,2009-11-22,,,328
3614,2009-11-23,,,328
3615,2009-11-24,7.05,7.97,328
3616,2009-11-25,,,328
3617,2009-11-26,,,328
3618,2009-11-27,,,328
3619,2009-11-28,,,328
3620,2009-11-29,,,328
3621,2009-11-30,0.887,1.45,328
3622,2009-12-01,,,328
3623,2009-12-02,,,328
3624,2009-12-03,0.779,0.628,328
3625,2009-12-04,,,328
3626,2009-12-05,,,328
3627,2009-12-06,1.66,5.04,328
3628,2009-12-07,,,328
3629,2009-12-08,,,328
3630,2009-12-09,0.503,0.419,328
3631,2009-12-10,,,328
3632,2009-12-11,,,328
3633,2009-12-12,1.51,5.07,328
3634,2009-12-13,,,328
3635,2009-12-14,,,328
3636,2009-12-15,0.593,1.92,328
3637,2009-12-16,,,328
3638,2009-12-17,,,328
3639,2009-12-18,2.54,10.8,328
3640,2009-12-19,,,328
3641,2009-12-20,,,328
3642,2009-12-21,3.71,8.77,328
3643,2009-12-22,,,328
3644,2009-12-23,,,328
3645,2009-12-24,1.72,3.13,328
3646,2009-12-25,,,328
3647,2009-12-26,,,328
3648,2009-12-27,2.51,4.18,328
3649,2009-12-28,,,328
3650,2009-12-29,,,328
3651,2009-12-30,2.99,8.07,328
3652,2009-12-31,,,328
3653,2010-01-01,,,328
3654,2010-01-02,,,328
3655,2010-01-03,,,328
3656,2010-01-04,,,328
3657,2010-01-05,,0.296,328
3658,2010-01-06,,,328
3659,2010-01-07,,,328
3660,2010-01-08,0.841,0.589,328
3661,2010-01-09,,,328
3662,2010-01-10,,,328
3663,2010-01-11,1.76,4.41,328
3664,2010-01-12,,,328
3665,2010-01-13,,,328
3666,2010-01-14,3.45,11.1,328
3667,2010-01-15,,,328
3668,2010-01-16,,,328
3669,2010-01-17,5.72,8.98,328
3670,2010-01-18,,,328
3671,2010-01-19,,,328
3672,2010-01-20,1.15,1.29,328
3673,2010-01-21,,,328
3674,2010-01-22,,,328
3675,2010-01-23,,,328
3676,2010-01-24,,,328
3677,2010-01-25,,,328
3678,2010-01-26,1.51,1.3,328
3679,2010-01-27,,,328
3680,2010-01-28,,,328
3681,2010-01-29,0.962,1.83,328
3682,2010-01-30,,,328
3683,2010-01-31,,,328
3684,2010-02-01,2.42,6.98,328
3685,2010-02-02,,,328
3686,2010-02-03,,,328
3687,2010-02-04,5.48,14.6,328
3688,2010-02-05,,,328
3689,2010-02-06,,,328
3690,2010-02-07,,,328
3691,2010-02-08,,,328
3692,2010-02-09,,,328
3693,2010-02-10,0.4,0.723,328
3694,2010-02-11,,,328
3695,2010-02-12,,,328
3696,2010-02-13,0.741,3.21,328
3697,2010-02-14,,,328
3698,2010-02-15,,,328
3699,2010-02-16,,,328
3700,2010-02-17,,,328
3701,2010-02-18,,,328
3702,2010-02-19,0.863,2.72,328
3703,2010-02-20,,,328
3704,2010-02-21,,,328
3705,2010-02-22,1.68,1.01,328
3706,2010-02-23,,,328
3707,2010-02-24,,,328
3708,2010-02-25,1.27,0.933,328
3709,2010-02-26,,,328
3710,2010-02-27,,,328
3711,2010-02-28,1.46,0.812,328
3712,2010-03-01,,,328
3713,2010-03-02,,,328
3714,2010-03-03,0.852,2.07,328
3715,2010-03-04,,,328
3716,2010-03-05,,,328
3717,2010-03-06,,,328
3718,2010-03-07,,,328
3719,2010-03-08,,,328
3720,2010-03-09,5.99,10.1,328
3721,2010-03-10,,,328
3722,2010-03-11,,,328
3723,2010-03-12,1.98,4.02,328
3724,2010-03-13,,,328
3725,2010-03-14,,,328
3726,2010-03-15,0.855,0.345,328
3727,2010-03-16,,,328
3728,2010-03-17,,,328
3729,2010-03-18,1.63,2.01,328
3730,2010-03-19,,,328
3731,2010-03-20,,,328
3732,2010-03-21,0.658,0.602,328
3733,2010-03-22,,,328
3734,2010-03-23,,,328
3735,2010-03-24,1.54,2.25,328
3736,2010-03-25,,,328
3737,2010-03-26,,,328
3738,2010-03-27,1.27,3.2,328
3739,2010-03-28,,,328
3740,2010-03-29,,,328
3741,2010-03-30,2.42,5.38,328
3742,2010-03-31,,,328
3743,2010-04-01,,,328
3744,2010-04-02,2.61,0.813,328
3745,2010-04-03,,,328
3746,2010-04-04,,,328
3747,2010-04-05,1.11,2.62,328
3748,2010-04-06,,,328
3749,2010-04-07,,,328
3750,2010-04-08,0.563,0.25,328
3751,2010-04-09,,,328
3752,2010-04-10,,,328
3753,2010-04-11,1.37,0.93,328
3754,2010-04-12,,,328
3755,2010-04-13,,,328
3756,2010-04-14,3.88,3.71,328
3757,2010-04-15,,,328
3758,2010-04-16,,,328
3759,2010-04-17,0.622,0.209,328
3760,2010-04-18,,,328
3761,2010-04-19,,,328
3762,2010-04-20,1.3,2.39,328
3763,2010-04-21,,,328
3764,2010-04-22,,,328
3765,2010-04-23,2.06,4.75,328
3766,2010-04-24,,,328
3767,2010-04-25,,,328
3768,2010-04-26,0.863,0.146,328
3769,2010-04-27,,,328
3770,2010-04-28,,,328
3771,2010-04-29,2.45,1.96,328
3772,2010-04-30,,,328
3773,2010-05-01,,,328
3774,2010-05-02,1.1,0.887,328
3775,2010-05-03,,,328
3776,2010-05-04,,,328
3777,2010-05-05,,,328
3778,2010-05-06,,,328
3779,2010-05-07,,,328
3780,2010-05-08,0.617,0.278,328
3781,2010-05-09,,,328
3782,2010-05-10,,,328
3783,2010-05-11,1.23,0.807,328
3784,2010-05-12,,,328
3785,2010-05-13,,,328
3786,2010-05-14,,,328
3787,2010-05-15,,,328
3788,2010-05-16,,,328
3789,2010-05-17,,,328
3790,2010-05-18,,,328
3791,2010-05-19,,,328
3792,2010-05-20,,,328
3793,2010-05-21,,,328
3794,2010-05-22,,,328
3795,2010-05-23,,,328
3796,2010-05-24,,,328
3797,2010-05-25,,,328
3798,2010-05-26,,,328
3799,2010-05-27,,,328
3800,2010-05-28,,,328
3801,2010-05-29,,,328
3802,2010-05-30,,,328
3803,2010-05-31,,,328
3804,2010-06-01,,,328
3805,2010-06-02,,,328
3806,2010-06-03,,,328
3807,2010-06-04,,,328
3808,2010-06-05,,,328
3809,2010-06-06,,,328
3810,2010-06-07,,,328
3811,2010-06-08,,,328
3812,2010-06-09,,,328
3813,2010-06-10,,,328
3814,2010-06-11,,,328
3815,2010-06-12,,,328
3816,2010-06-13,,,328
3817,2010-06-14,,,328
3818,2010-06-15,,,328
3819,2010-06-16,,,328
3820,2010-06-17,,,328
3821,2010-06-18,,,328
3822,2010-06-19,,,328
3823,2010-06-20,,,328
3824,2010-06-21,,,328
3825,2010-06-22,,,328
3826,2010-06-23,,,328
3827,2010-06-24,,,328
3828,2010-06-25,,,328
3829,2010-06-26,,,328
3830,2010-06-27,,,328
3831,2010-06-28,,,328
3832,2010-06-29,,,328
3833,2010-06-30,,,328
3834,2010-07-01,,,328
3835,2010-07-02,,,328
3836,2010-07-03,,,328
3837,2010-07-04,,,328
3838,2010-07-05,,,328
3839,2010-07-06,,,328
3840,2010-07-07,,,328
3841,2010-07-08,,,328
3842,2010-07-09,,,328
3843,2010-07-10,,,328
3844,2010-07-11,,,328
3845,2010-07-12,,,328
3846,2010-07-13,,,328
3847,2010-07-14,,,328
3848,2010-07-15,,,328
3849,2010-07-16,,,328
3850,2010-07-17,,,328
3851,2010-07-18,,,328
3852,2010-07-19,,,328
3853,2010-07-20,,,328
3854,2010-07-21,,,328
3855,2010-07-22,,,328
3856,2010-07-23,,,328
3857,2010-07-24,,,328
3858,2010-07-25,,,328
3859,2010-07-26,,,328
3860,2010-07-27,,,328
3861,2010-07-28,,,328
3862,2010-07-29,,,328
3863,2010-07-30,,,328
3864,2010-07-31,,,328
3865,2010-08-01,,,328
3866,2010-08-02,,,328
3867,2010-08-03,,,328
3868,2010-08-04,,,328
3869,2010-08-05,,,328
3870,2010-08-06,,,328
3871,2010-08-07,,,328
3872,2010-08-08,,,328
3873,2010-08-09,,,328
3874,2010-08-10,,,328
3875,2010-08-11,,,328
3876,2010-08-12,,,328
3877,2010-08-13,,,328
3878,2010-08-14,,,328
3879,2010-08-15,,,328
3880,2010-08-16,,,328
3881,2010-08-17,,,328
3882,2010-08-18,,,328
3883,2010-08-19,,,328
3884,2010-08-20,,,328
3885,2010-08-21,,,328
3886,2010-08-22,,,328
3887,2010-08-23,,,328
3888,2010-08-24,,,328
3889,2010-08-25,,,328
3890,2010-08-26,,,328
3891,2010-08-27,,,328
3892,2010-08-28,,,328
3893,2010-08-29,,,328
3894,2010-08-30,,,328
3895,2010-08-31,,,328
3896,2010-09-01,,,328
3897,2010-09-02,,,328
3898,2010-09-03,,,328
3899,2010-09-04,,,328
3900,2010-09-05,,,328
3901,2010-09-06,,,328
3902,2010-09-07,,,328
3903,2010-09-08,,,328
3904,2010-09-09,,,328
3905,2010-09-10,,,328
3906,2010-09-11,,,328
3907,2010-09-12,,,328
3908,2010-09-13,,,328
3909,2010-09-14,,,328
3910,2010-09-15,,,328
3911,2010-09-16,,,328
3912,2010-09-17,,,328
3913,2010-09-18,,,328
3914,2010-09-19,,,328
3915,2010-09-20,,,328
3916,2010-09-21,,,328
3917,2010-09-22,,,328
3918,2010-09-23,,,328
3919,2010-09-24,,,328
3920,2010-09-25,,,328
3921,2010-09-26,,,328
3922,2010-09-27,,,328
3923,2010-09-28,,,328
3924,2010-09-29,,,328
3925,2010-09-30,,,328
3926,2010-10-01,,,328
3927,2010-10-02,,,328
3928,2010-10-03,,,328
3929,2010-10-04,,,328
3930,2010-10-05,,,328
3931,2010-10-06,,,328
3932,2010-10-07,,,328
3933,2010-10-08,,,328
3934,2010-10-09,,,328
3935,2010-10-10,,,328
3936,2010-10-11,,,328
3937,2010-10-12,,,328
3938,2010-10-13,,,328
3939,2010-10-14,,,328
3940,2010-10-15,,,328
3941,2010-10-16,,,328
3942,2010-10-17,,,328
3943,2010-10-18,,,328
3944,2010-10-19,,,328
3945,2010-10-20,,,328
3946,2010-10-21,,,328
3947,2010-10-22,,,328
3948,2010-10-23,,,328
3949,2010-10-24,,,328
3950,2010-10-25,,,328
3951,2010-10-26,,,328
3952,2010-10-27,,,328
3953,2010-10-28,,,328
3954,2010-10-29,,,328
3955,2010-10-30,,,328
3956,2010-10-31,,,328
3957,2010-11-01,,,328
3958,2010-11-02,,,328
3959,2010-11-03,,,328
3960,2010-11-04,,,328
3961,2010-11-05,,,328
3962,2010-11-06,,,328
3963,2010-11-07,,,328
3964,2010-11-08,,,328
3965,2010-11-09,,,328
3966,2010-11-10,,,328
3967,2010-11-11,,,328
3968,2010-11-12,,,328
3969,2010-11-13,,,328
3970,2010-11-14,,,328
3971,2010-11-15,,,328
3972,2010-11-16,,,328
3973,2010-11-17,,,328
3974,2010-11-18,,,328
3975,2010-11-19,,,328
3976,2010-11-20,,,328
3977,2010-11-21,,,328
3978,2010-11-22,,,328
3979,2010-11-23,,,328
3980,2010-11-24,,,328
3981,2010-11-25,,,328
3982,2010-11-26,,,328
3983,2010-11-27,,,328
3984,2010-11-28,,,328
3985,2010-11-29,,,328
3986,2010-11-30,,,328
3987,2010-12-01,,,328
3988,2010-12-02,,,328
3989,2010-12-03,,,328
3990,2010-12-04,,,328
3991,2010-12-05,,,328
3992,2010-12-06,,,328
3993,2010-12-07,,,328
3994,2010-12-08,,,328
3995,2010-12-09,,,328
3996,2010-12-10,,,328
3997,2010-12-11,,,328
3998,2010-12-12,,,328
3999,2010-12-13,,,328
4000,2010-12-14,,,328
4001,2010-12-15,,,328
4002,2010-12-16,,,328
4003,2010-12-17,,,328
4004,2010-12-18,,,328
4005,2010-12-19,,,328
4006,2010-12-20,,,328
4007,2010-12-21,,,328
4008,2010-12-22,,,328
4009,2010-12-23,,,328
4010,2010-12-24,,,328
4011,2010-12-25,,,328
4012,2010-12-26,,,328
4013,2010-12-27,,,328
4014,2010-12-28,,,328
4015,2010-12-29,,,328
4016,2010-12-30,,,328
4017,2010-12-31,,,328
